instance_id,instance_set,n,m,algorithm,seed,makespan,runtime_s,rpd,manifest_id,timestamp
taillard/tai100_10_0,,100,10,NEH,,5846,0.00968647887930274,1.317157712305026,run-20260801-151131-4338,2026-08-01T15:11:31Z
taillard/tai100_10_1,,100,10,NEH,,5453,0.009153059916570783,1.9442886520845017,run-20260801-151131-0a5b,2026-08-01T15:11:31Z
taillard/tai100_10_2,,100,10,NEH,,5824,0.005664110882207751,2.5893958076448826,run-20260801-151131-9c5e,2026-08-01T15:11:31Z
taillard/tai100_10_3,,100,10,NEH,,5929,0.005699662957340479,2.3830081160421344,run-20260801-151131-29a7,2026-08-01T15:11:31Z
taillard/tai100_10_4,,100,10,NEH,,5679,0.005677422042936087,3.858814923189466,run-20260801-151131-3378,2026-08-01T15:11:31Z
taillard/tai100_10_5,,100,10,NEH,,5375,0.005684425821527839,1.3577220441259665,run-20260801-151131-cf31,2026-08-01T15:11:31Z
taillard/tai100_10_6,,100,10,NEH,,5704,0.005663688061758876,1.8753348812287909,run-20260801-151131-0c04,2026-08-01T15:11:31Z
taillard/tai100_10_7,,100,10,NEH,,5760,0.005673449020832777,2.436421838876045,run-20260801-151131-b874,2026-08-01T15:11:31Z
taillard/tai100_10_8,,100,10,NEH,,6032,0.005690570920705795,2.6723404255319148,run-20260801-151131-f3a4,2026-08-01T15:11:31Z
taillard/tai100_10_9,,100,10,NEH,,5918,0.0056570349261164665,1.2489307100085543,run-20260801-151131-d5ae,2026-08-01T15:11:31Z
taillard/tai100_20_0,,100,20,NEH,,6541,0.01059099193662405,4.05663378937321,run-20260801-151131-cac1,2026-08-01T15:11:31Z
taillard/tai100_20_1,,100,20,NEH,,6523,0.010527323931455612,4.5185066495753885,run-20260801-151131-d3b8,2026-08-01T15:11:31Z
taillard/tai100_20_2,,100,20,NEH,,6639,0.010553373955190182,4.89808816558698,run-20260801-151131-114a,2026-08-01T15:11:31Z
taillard/tai100_20_3,,100,20,NEH,,6557,0.010541915195062757,3.980336187757691,run-20260801-151131-b362,2026-08-01T15:11:31Z
taillard/tai100_20_4,,100,20,NEH,,6695,0.010739224031567574,4.986670848361299,run-20260801-151131-e04f,2026-08-01T15:11:31Z
taillard/tai100_20_5,,100,20,NEH,,6664,0.010703842155635357,3.526487494174305,run-20260801-151131-79ba,2026-08-01T15:11:31Z
taillard/tai100_20_6,,100,20,NEH,,6632,0.010797369992360473,4.506775921840529,run-20260801-151131-cb6a,2026-08-01T15:11:31Z
taillard/tai100_20_7,,100,20,NEH,,6739,0.010833523003384471,3.9808671501311528,run-20260801-151131-5941,2026-08-01T15:11:31Z
taillard/tai100_20_8,,100,20,NEH,,6677,0.010489352978765965,5.017301038062284,run-20260801-151131-bfc8,2026-08-01T15:11:31Z
taillard/tai100_20_9,,100,20,NEH,,6677,0.01057727006264031,3.279195668986852,run-20260801-151131-4bef,2026-08-01T15:11:31Z
taillard/tai100_5_0,,100,5,NEH,,5519,0.003161327913403511,0.4733296923357,run-20260801-151131-f022,2026-08-01T15:11:31Z
taillard/tai100_5_1,,100,5,NEH,,5348,0.0032021920196712017,1.5186028853454823,run-20260801-151131-ae39,2026-08-01T15:11:31Z
taillard/tai100_5_2,,100,5,NEH,,5219,0.003180127125233412,0.8502415458937198,run-20260801-151131-0dde,2026-08-01T15:11:31Z
taillard/tai100_5_3,,100,5,NEH,,5023,0.003181091044098139,0.17949740725967292,run-20260801-151131-e69d,2026-08-01T15:11:31Z
taillard/tai100_5_4,,100,5,NEH,,5266,0.0031639139633625746,0.3047619047619048,run-20260801-151131-2c46,2026-08-01T15:11:31Z
taillard/tai100_5_5,,100,5,NEH,,5139,0.003183478955179453,0.07789678675754626,run-20260801-151131-ca7a,2026-08-01T15:11:31Z
taillard/tai100_5_6,,100,5,NEH,,5259,0.0031857159920036793,0.24780785360274496,run-20260801-151131-2464,2026-08-01T15:11:31Z
taillard/tai100_5_7,,100,5,NEH,,5120,0.003179538995027542,0.27418723070896983,run-20260801-151131-cd65,2026-08-01T15:11:31Z
taillard/tai100_5_8,,100,5,NEH,,5489,0.0031851259991526604,0.6417308397506417,run-20260801-151131-74c5,2026-08-01T15:11:31Z
taillard/tai100_5_9,,100,5,NEH,,5341,0.0031891888938844204,0.243993993993994,run-20260801-151131-a0d6,2026-08-01T15:11:31Z
taillard/tai200_10_0,,200,10,NEH,,10942,0.01301501295529306,0.6808980493191019,run-20260801-151131-c749,2026-08-01T15:11:31Z
taillard/tai200_10_1,,200,10,NEH,,10716,0.012795648071914911,2.115494568324757,run-20260801-151131-7bed,2026-08-01T15:11:31Z
taillard/tai200_10_2,,200,10,NEH,,11025,0.01288448995910585,0.9430507233107489,run-20260801-151131-1ad7,2026-08-01T15:11:31Z
taillard/tai200_10_3,,200,10,NEH,,11057,0.01281769317574799,1.5428413995775554,run-20260801-151131-df53,2026-08-01T15:11:31Z
taillard/tai200_10_4,,200,10,NEH,,10645,0.01280772709287703,1.1497529456480426,run-20260801-151131-6ebb,2026-08-01T15:11:31Z
taillard/tai200_10_5,,200,10,NEH,,10458,0.012821667129173875,1.2293098441583583,run-20260801-151131-b818,2026-08-01T15:11:31Z
taillard/tai200_10_6,,200,10,NEH,,10989,0.012802599929273129,1.21580547112462,run-20260801-151131-0f12,2026-08-01T15:11:31Z
taillard/tai200_10_7,,200,10,NEH,,10829,0.012867381097748876,0.91324200913242,run-20260801-151131-18d6,2026-08-01T15:11:31Z
taillard/tai200_10_8,,200,10,NEH,,10574,0.01280287210829556,1.3029315960912051,run-20260801-151131-1fd4,2026-08-01T15:11:31Z
taillard/tai200_10_9,,200,10,NEH,,10807,0.012804361060261726,1.2270513300861745,run-20260801-151131-8008,2026-08-01T15:11:31Z
taillard/tai200_20_0,,200,20,NEH,,11594,0.023903232999145985,2.6562776695590578,run-20260801-151131-0839,2026-08-01T15:11:31Z
taillard/tai200_20_1,,200,20,NEH,,11675,0.024417387088760734,2.23292469352014,run-20260801-151131-f06f,2026-08-01T15:11:31Z
taillard/tai200_20_2,,200,20,NEH,,11852,0.02404181403107941,3.547090686702778,run-20260801-151131-26d7,2026-08-01T15:11:31Z
taillard/tai200_20_3,,200,20,NEH,,11803,0.024003233993425965,4.018683352427955,run-20260801-151131-4026,2026-08-01T15:11:31Z
taillard/tai200_20_4,,200,20,NEH,,11685,0.02393043809570372,3.3065157810980463,run-20260801-151131-5f0f,2026-08-01T15:11:31Z
taillard/tai200_20_5,,200,20,NEH,,11629,0.0239145050290972,3.0756957986172666,run-20260801-151131-00fe,2026-08-01T15:11:31Z
taillard/tai200_20_6,,200,20,NEH,,11833,0.0239415371324867,3.2908519553072626,run-20260801-151131-5af6,2026-08-01T15:11:31Z
taillard/tai200_20_7,,200,20,NEH,,11913,0.02392657403834164,4.362680683311432,run-20260801-151131-6029,2026-08-01T15:11:31Z
taillard/tai200_20_8,,200,20,NEH,,11673,0.02387400809675455,2.909283258397249,run-20260801-151131-168e,2026-08-01T15:11:31Z
taillard/tai200_20_9,,200,20,NEH,,11869,0.023890714859589934,3.9135002626510245,run-20260801-151131-efae,2026-08-01T15:11:31Z
taillard/tai20_10_0,,20,10,NEH,,1680,0.0010721671860665083,6.1946902654867255,run-20260801-151131-24f8,2026-08-01T15:11:31Z
taillard/tai20_10_1,,20,10,NEH,,1729,0.001076874090358615,4.219409282700422,run-20260801-151131-404b,2026-08-01T15:11:31Z
taillard/tai20_10_2,,20,10,NEH,,1557,0.001074981177225709,4.077540106951871,run-20260801-151131-23a1,2026-08-01T15:11:31Z
taillard/tai20_10_3,,20,10,NEH,,1439,0.0010763967875391245,4.426705370101597,run-20260801-151131-1b72,2026-08-01T15:11:31Z
taillard/tai20_10_4,,20,10,NEH,,1502,0.0010634551290422678,5.849189570119803,run-20260801-151131-4f10,2026-08-01T15:11:31Z
taillard/tai20_10_5,,20,10,NEH,,1453,0.0011158469133079052,4.008589835361489,run-20260801-151131-e534,2026-08-01T15:11:31Z
taillard/tai20_10_6,,20,10,NEH,,1562,0.0010871579870581627,5.256064690026954,run-20260801-151131-8efc,2026-08-01T15:11:31Z
taillard/tai20_10_7,,20,10,NEH,,1609,0.0010925098322331905,4.616384915474643,run-20260801-151131-5535,2026-08-01T15:11:31Z
taillard/tai20_10_8,,20,10,NEH,,1647,0.001080813119187951,3.389830508474576,run-20260801-151131-76e6,2026-08-01T15:11:31Z
taillard/tai20_10_9,,20,10,NEH,,1653,0.0010850320104509592,3.8969201759899432,run-20260801-151131-3fc9,2026-08-01T15:11:31Z
taillard/tai20_20_0,,20,20,NEH,,2410,0.0019922058563679457,4.919460165433174,run-20260801-151131-e914,2026-08-01T15:11:31Z
taillard/tai20_20_1,,20,20,NEH,,2150,0.001992626115679741,2.380952380952381,run-20260801-151131-fc28,2026-08-01T15:11:31Z
taillard/tai20_20_2,,20,20,NEH,,2411,0.0019899450708180666,3.654342218400688,run-20260801-151131-40b2,2026-08-01T15:11:31Z
taillard/tai20_20_3,,20,20,NEH,,2262,0.0019893120042979717,1.7543859649122806,run-20260801-151131-8dd7,2026-08-01T15:11:31Z
taillard/tai20_20_4,,20,20,NEH,,2397,0.002039702143520117,4.626800523788739,run-20260801-151131-989f,2026-08-01T15:11:31Z
taillard/tai20_20_5,,20,20,NEH,,2349,0.00198339088819921,5.525606469002695,run-20260801-151131-2f87,2026-08-01T15:11:31Z
taillard/tai20_20_6,,20,20,NEH,,2362,0.001994465012103319,3.915530136383634,run-20260801-151131-4aba,2026-08-01T15:11:31Z
taillard/tai20_20_7,,20,20,NEH,,2249,0.0019967411644756794,2.227272727272727,run-20260801-151131-8e88,2026-08-01T15:11:31Z
taillard/tai20_20_8,,20,20,NEH,,2320,0.0020001728553324938,3.7103263299061244,run-20260801-151131-ae5b,2026-08-01T15:11:31Z
taillard/tai20_20_9,,20,20,NEH,,2277,0.001981115899980068,4.545454545454546,run-20260801-151131-cb5c,2026-08-01T15:11:31Z
taillard/tai20_5_0,,20,5,NEH,,1286,0.0006183730438351631,0.6259780907668232,run-20260801-151131-a668,2026-08-01T15:11:31Z
taillard/tai20_5_1,,20,5,NEH,,1365,0.0006290602032095194,0.44150110375275936,run-20260801-151131-d34b,2026-08-01T15:11:31Z
taillard/tai20_5_2,,20,5,NEH,,1159,0.0006209679413586855,7.215541165587419,run-20260801-151131-55f2,2026-08-01T15:11:31Z
taillard/tai20_5_3,,20,5,NEH,,1325,0.0006179709453135729,2.474864655839134,run-20260801-151131-1ca7,2026-08-01T15:11:31Z
taillard/tai20_5_4,,20,5,NEH,,1305,0.000613505020737648,5.58252427184466,run-20260801-151131-fc0c,2026-08-01T15:11:31Z
taillard/tai20_5_5,,20,5,NEH,,1228,0.0006220850627869368,2.7615062761506275,run-20260801-151131-6d6e,2026-08-01T15:11:31Z
taillard/tai20_5_6,,20,5,NEH,,1278,0.0006176349706947803,3.1476997578692494,run-20260801-151131-fc02,2026-08-01T15:11:31Z
taillard/tai20_5_7,,20,5,NEH,,1223,0.000620607053861022,1.4096185737976783,run-20260801-151131-a2bb,2026-08-01T15:11:31Z
taillard/tai20_5_8,,20,5,NEH,,1291,0.000657371012493968,4.959349593495935,run-20260801-151131-514e,2026-08-01T15:11:31Z
taillard/tai20_5_9,,20,5,NEH,,1151,0.0006149108521640301,3.88086642599278,run-20260801-151131-3b89,2026-08-01T15:11:31Z
taillard/tai500_20_0,,500,20,NEH,,26670,0.08142432197928429,1.8366489747603956,run-20260801-151131-0453,2026-08-01T15:11:31Z
taillard/tai500_20_1,,500,20,NEH,,27232,0.08295792411081493,2.2644485335536446,run-20260801-151131-2d50,2026-08-01T15:11:31Z
taillard/tai500_20_2,,500,20,NEH,,26848,0.08270560298115015,1.474034318542596,run-20260801-151132-11e1,2026-08-01T15:11:32Z
taillard/tai500_20_3,,500,20,NEH,,27055,0.08321012393571436,1.9059098271121322,run-20260801-151132-f620,2026-08-01T15:11:32Z
taillard/tai500_20_4,,500,20,NEH,,26727,0.08314072294160724,1.223299500075746,run-20260801-151132-f76c,2026-08-01T15:11:32Z
taillard/tai500_20_5,,500,20,NEH,,26992,0.08236345904879272,1.546217222828336,run-20260801-151132-a436,2026-08-01T15:11:32Z
taillard/tai500_20_6,,500,20,NEH,,26797,0.08274811110459268,1.2697932806772232,run-20260801-151132-49cb,2026-08-01T15:11:32Z
taillard/tai500_20_7,,500,20,NEH,,27138,0.08278676588088274,1.9650572985158745,run-20260801-151132-4b53,2026-08-01T15:11:32Z
taillard/tai500_20_8,,500,20,NEH,,26631,0.08200750895775855,2.100985316106276,run-20260801-151132-233a,2026-08-01T15:11:32Z
taillard/tai500_20_9,,500,20,NEH,,26984,0.08108544396236539,1.72277302371169,run-20260801-151132-3eeb,2026-08-01T15:11:32Z
taillard/tai50_10_0,,50,10,NEH,,3135,0.002719871001318097,3.6363636363636362,run-20260801-151132-334b,2026-08-01T15:11:32Z
taillard/tai50_10_1,,50,10,NEH,,3032,0.0027093191165477037,4.840940525587828,run-20260801-151132-cd97,2026-08-01T15:11:32Z
taillard/tai50_10_2,,50,10,NEH,,2986,0.00271364813670516,4.259776536312849,run-20260801-151132-1ba2,2026-08-01T15:11:32Z
taillard/tai50_10_3,,50,10,NEH,,3198,0.002720460994169116,4.3733681462141,run-20260801-151132-6044,2026-08-01T15:11:32Z
taillard/tai50_10_4,,50,10,NEH,,3160,0.002717051189392805,5.827193569993302,run-20260801-151132-b686,2026-08-01T15:11:32Z
taillard/tai50_10_5,,50,10,NEH,,3178,0.0027024659793823957,5.721889554224884,run-20260801-151132-c31a,2026-08-01T15:11:32Z
taillard/tai50_10_6,,50,10,NEH,,3277,0.002714707050472498,5.4715159317669775,run-20260801-151132-1bde,2026-08-01T15:11:32Z
taillard/tai50_10_7,,50,10,NEH,,3123,0.002702936064451933,2.7640671273445214,run-20260801-151132-e13d,2026-08-01T15:11:32Z
taillard/tai50_10_8,,50,10,NEH,,3002,0.002711070002987981,3.4458993797381114,run-20260801-151132-5116,2026-08-01T15:11:32Z
taillard/tai50_10_9,,50,10,NEH,,3257,0.0027081440202891827,5.37043028146231,run-20260801-151132-7fe0,2026-08-01T15:11:32Z
taillard/tai50_20_0,,50,20,NEH,,4082,0.0051746119279414415,5.341935483870968,run-20260801-151132-82e4,2026-08-01T15:11:32Z
taillard/tai50_20_1,,50,20,NEH,,3921,0.00507445796392858,5.545087483176312,run-20260801-151132-eecb,2026-08-01T15:11:32Z
taillard/tai50_20_2,,50,20,NEH,,3927,0.005066889803856611,7.061068702290076,run-20260801-151132-9fe2,2026-08-01T15:11:32Z
taillard/tai50_20_3,,50,20,NEH,,3969,0.005084287840873003,5.7835820895522385,run-20260801-151132-d00e,2026-08-01T15:11:32Z
taillard/tai50_20_4,,50,20,NEH,,3835,0.005069444887340069,5.502063273727648,run-20260801-151132-0aba,2026-08-01T15:11:32Z
taillard/tai50_20_5,,50,20,NEH,,3914,0.005086317891255021,5.840995132504056,run-20260801-151132-bc96,2026-08-01T15:11:32Z
taillard/tai50_20_6,,50,20,NEH,,3952,0.00506557896733284,6.3509149623250805,run-20260801-151132-c116,2026-08-01T15:11:32Z
taillard/tai50_20_7,,50,20,NEH,,3938,0.005053952103480697,6.174170935562146,run-20260801-151132-6c81,2026-08-01T15:11:32Z
taillard/tai50_20_8,,50,20,NEH,,3952,0.005064162192866206,4.966799468791501,run-20260801-151132-5ac8,2026-08-01T15:11:32Z
taillard/tai50_20_9,,50,20,NEH,,4079,0.005058967042714357,7.995763833730474,run-20260801-151132-6cfb,2026-08-01T15:11:32Z
taillard/tai50_5_0,,50,5,NEH,,2733,0.0015740739181637764,0.3303964757709251,run-20260801-151132-b99d,2026-08-01T15:11:32Z
taillard/tai50_5_1,,50,5,NEH,,2843,0.0015407269820570946,0.3175723359209598,run-20260801-151132-0a0b,2026-08-01T15:11:32Z
taillard/tai50_5_2,,50,5,NEH,,2640,0.0015334789641201496,0.7249141549027089,run-20260801-151132-c6d8,2026-08-01T15:11:32Z
taillard/tai50_5_3,,50,5,NEH,,2782,0.001524933846667409,1.1268629589240275,run-20260801-151132-bc2c,2026-08-01T15:11:32Z
taillard/tai50_5_4,,50,5,NEH,,2868,0.0015463668387383223,0.17464198393293748,run-20260801-151132-4253,2026-08-01T15:11:32Z
taillard/tai50_5_5,,50,5,NEH,,2850,0.0015472390223294497,0.7423117709437964,run-20260801-151132-16ff,2026-08-01T15:11:32Z
taillard/tai50_5_6,,50,5,NEH,,2758,0.0015367891173809767,1.2110091743119267,run-20260801-151132-f4a0,2026-08-01T15:11:32Z
taillard/tai50_5_7,,50,5,NEH,,2721,0.0015350519679486752,1.4163250093179276,run-20260801-151132-db18,2026-08-01T15:11:32Z
taillard/tai50_5_8,,50,5,NEH,,2576,0.0015289669390767813,0.9404388714733543,run-20260801-151132-8cee,2026-08-01T15:11:32Z
taillard/tai50_5_9,,50,5,NEH,,2790,0.001530325971543789,0.2875629043853343,run-20260801-151132-e560,2026-08-01T15:11:32Z
vrf/VFR10_10_10_Gap,Small,10,10,NEH,,1149,0.0010281691793352365,4.549590536851683,run-20260801-151132-f283,2026-08-01T15:11:32Z
vrf/VFR10_10_1_Gap,Small,10,10,NEH,,1181,0.0009124791249632835,7.657247037374658,run-20260801-151132-fb64,2026-08-01T15:11:32Z
vrf/VFR10_10_2_Gap,Small,10,10,NEH,,1157,0.0008932561613619328,0.9598603839441536,run-20260801-151132-7f84,2026-08-01T15:11:32Z
vrf/VFR10_10_3_Gap,Small,10,10,NEH,,1149,0.000895834993571043,2.224199288256228,run-20260801-151132-751f,2026-08-01T15:11:32Z
vrf/VFR10_10_4_Gap,Small,10,10,NEH,,1038,0.0009159839246422052,0.0,run-20260801-151132-2fc3,2026-08-01T15:11:32Z
vrf/VFR10_10_5_Gap,Small,10,10,NEH,,1103,0.0005669069942086935,0.9149130832570905,run-20260801-151132-36b3,2026-08-01T15:11:32Z
vrf/VFR10_10_6_Gap,Small,10,10,NEH,,1086,0.0005781000945717096,0.09216589861751152,run-20260801-151132-4e4a,2026-08-01T15:11:32Z
vrf/VFR10_10_7_Gap,Small,10,10,NEH,,1117,0.0005917258094996214,0.17937219730941703,run-20260801-151132-707a,2026-08-01T15:11:32Z
vrf/VFR10_10_8_Gap,Small,10,10,NEH,,1129,0.0005611770320683718,1.4375561545372866,run-20260801-151132-8be2,2026-08-01T15:11:32Z
vrf/VFR10_10_9_Gap,Small,10,10,NEH,,1056,0.0005796849727630615,1.0526315789473684,run-20260801-151132-9913,2026-08-01T15:11:32Z
vrf/VFR10_15_10_Gap,Small,10,15,NEH,,1465,0.0008119710255414248,0.2737850787132101,run-20260801-151132-21d9,2026-08-01T15:11:32Z
vrf/VFR10_15_1_Gap,Small,10,15,NEH,,1309,0.0008234428241848946,0.1530221882172915,run-20260801-151132-4754,2026-08-01T15:11:32Z
vrf/VFR10_15_2_Gap,Small,10,15,NEH,,1437,0.0008180229924619198,2.716225875625447,run-20260801-151132-d479,2026-08-01T15:11:32Z
vrf/VFR10_15_3_Gap,Small,10,15,NEH,,1398,0.0008149449713528156,0.0,run-20260801-151132-7391,2026-08-01T15:11:32Z
vrf/VFR10_15_4_Gap,Small,10,15,NEH,,1500,0.0008036070503294468,3.3057851239669422,run-20260801-151132-c886,2026-08-01T15:11:32Z
vrf/VFR10_15_5_Gap,Small,10,15,NEH,,1387,0.0008012219332158566,1.0196649672250546,run-20260801-151132-6022,2026-08-01T15:11:32Z
vrf/VFR10_15_6_Gap,Small,10,15,NEH,,1334,0.0007911559659987688,0.3762227238525207,run-20260801-151132-58ba,2026-08-01T15:11:32Z
vrf/VFR10_15_7_Gap,Small,10,15,NEH,,1487,0.0007961450610309839,2.906574394463668,run-20260801-151132-3482,2026-08-01T15:11:32Z
vrf/VFR10_15_8_Gap,Small,10,15,NEH,,1475,0.00078016915358603,2.2176022176022174,run-20260801-151132-638a,2026-08-01T15:11:32Z
vrf/VFR10_15_9_Gap,Small,10,15,NEH,,1462,0.0007821109611541033,2.380952380952381,run-20260801-151132-aa66,2026-08-01T15:11:32Z
vrf/VFR10_20_10_Gap,Small,10,20,NEH,,1671,0.0010814350098371506,0.4810583283223091,run-20260801-151132-7710,2026-08-01T15:11:32Z
vrf/VFR10_20_1_Gap,Small,10,20,NEH,,1729,0.0010414060670882463,4.661016949152542,run-20260801-151132-87a4,2026-08-01T15:11:32Z
vrf/VFR10_20_2_Gap,Small,10,20,NEH,,1769,0.0010277510154992342,0.5685048322910745,run-20260801-151132-13fe,2026-08-01T15:11:32Z
vrf/VFR10_20_3_Gap,Small,10,20,NEH,,1763,0.001030279090628028,2.1436848203939745,run-20260801-151132-20ac,2026-08-01T15:11:32Z
vrf/VFR10_20_4_Gap,Small,10,20,NEH,,1707,0.0010254369117319584,1.7282479141835518,run-20260801-151132-3c58,2026-08-01T15:11:32Z
vrf/VFR10_20_5_Gap,Small,10,20,NEH,,1727,0.001035075867548585,1.588235294117647,run-20260801-151132-c3f3,2026-08-01T15:11:32Z
vrf/VFR10_20_6_Gap,Small,10,20,NEH,,1952,0.001023115124553442,3.335097935415564,run-20260801-151132-a765,2026-08-01T15:11:32Z
vrf/VFR10_20_7_Gap,Small,10,20,NEH,,1683,0.001040188828483224,0.29797377830750893,run-20260801-151132-a750,2026-08-01T15:11:32Z
vrf/VFR10_20_8_Gap,Small,10,20,NEH,,1697,0.0010346658527851105,2.5377643504531724,run-20260801-151132-6027,2026-08-01T15:11:32Z
vrf/VFR10_20_9_Gap,Small,10,20,NEH,,1749,0.0010362998582422733,2.5205158264947247,run-20260801-151132-590a,2026-08-01T15:11:32Z
vrf/VFR10_5_10_Gap,Small,10,5,NEH,,664,0.00034139701165258884,0.0,run-20260801-151132-3737,2026-08-01T15:11:32Z
vrf/VFR10_5_1_Gap,Small,10,5,NEH,,695,0.00033347588032484055,0.0,run-20260801-151132-e05d,2026-08-01T15:11:32Z
vrf/VFR10_5_2_Gap,Small,10,5,NEH,,716,0.00033778417855501175,2.5787965616045847,run-20260801-151132-cee8,2026-08-01T15:11:32Z
vrf/VFR10_5_3_Gap,Small,10,5,NEH,,754,0.0003412559162825346,3.5714285714285716,run-20260801-151132-91de,2026-08-01T15:11:32Z
vrf/VFR10_5_4_Gap,Small,10,5,NEH,,703,0.0003412659280002117,0.860832137733142,run-20260801-151132-641a,2026-08-01T15:11:32Z
vrf/VFR10_5_5_Gap,Small,10,5,NEH,,752,0.00034695793874561787,5.46984572230014,run-20260801-151132-dc06,2026-08-01T15:11:32Z
vrf/VFR10_5_6_Gap,Small,10,5,NEH,,748,0.00033590919338166714,0.0,run-20260801-151132-8ea2,2026-08-01T15:11:32Z
vrf/VFR10_5_7_Gap,Small,10,5,NEH,,754,0.00034055206924676895,3.5714285714285716,run-20260801-151132-0ebe,2026-08-01T15:11:32Z
vrf/VFR10_5_8_Gap,Small,10,5,NEH,,705,0.0003350770566612482,3.22108345534407,run-20260801-151132-fd81,2026-08-01T15:11:32Z
vrf/VFR10_5_9_Gap,Small,10,5,NEH,,780,0.0003456769045442343,2.4967148488830486,run-20260801-151132-7d89,2026-08-01T15:11:32Z
vrf/VFR20_10_10_Gap,Small,20,10,NEH,,1618,0.001140868989750743,8.663532572196106,run-20260801-151132-91f8,2026-08-01T15:11:32Z
vrf/VFR20_10_1_Gap,Small,20,10,NEH,,1665,0.0011276230216026306,8.681462140992167,run-20260801-151132-9d00,2026-08-01T15:11:32Z
vrf/VFR20_10_2_Gap,Small,20,10,NEH,,1600,0.0011098110117018223,4.918032786885246,run-20260801-151132-77f6,2026-08-01T15:11:32Z
vrf/VFR20_10_3_Gap,Small,20,10,NEH,,1654,0.0011198532301932573,3.8944723618090453,run-20260801-151132-386a,2026-08-01T15:11:32Z
vrf/VFR20_10_4_Gap,Small,20,10,NEH,,1494,0.0011200231965631247,3.606102635228849,run-20260801-151132-f951,2026-08-01T15:11:32Z
vrf/VFR20_10_5_Gap,Small,20,10,NEH,,1681,0.0011495209764689207,4.800498753117207,run-20260801-151132-9cc3,2026-08-01T15:11:32Z
vrf/VFR20_10_6_Gap,Small,20,10,NEH,,1645,0.001118524931371212,4.378172588832487,run-20260801-151132-8e02,2026-08-01T15:11:32Z
vrf/VFR20_10_7_Gap,Small,20,10,NEH,,1635,0.0011282640043646097,2.765556253928347,run-20260801-151132-be81,2026-08-01T15:11:32Z
vrf/VFR20_10_8_Gap,Small,20,10,NEH,,1610,0.0011216208804398775,2.2871664548919948,run-20260801-151132-4d99,2026-08-01T15:11:32Z
vrf/VFR20_10_9_Gap,Small,20,10,NEH,,1595,0.0011056039948016405,4.248366013071895,run-20260801-151132-ef60,2026-08-01T15:11:32Z
vrf/VFR20_15_10_Gap,Small,20,15,NEH,,1948,0.0015865310560911894,4.6749059645351965,run-20260801-151132-7fba,2026-08-01T15:11:32Z
vrf/VFR20_15_1_Gap,Small,20,15,NEH,,2014,0.001580601092427969,4.028925619834711,run-20260801-151132-31ba,2026-08-01T15:11:32Z
vrf/VFR20_15_2_Gap,Small,20,15,NEH,,1985,0.0015876248944550753,4.199475065616798,run-20260801-151133-f4db,2026-08-01T15:11:33Z
vrf/VFR20_15_3_Gap,Small,20,15,NEH,,1844,0.0015789598692208529,2.558398220244716,run-20260801-151133-83ed,2026-08-01T15:11:33Z
vrf/VFR20_15_4_Gap,Small,20,15,NEH,,1907,0.0015818499960005283,5.184776613348042,run-20260801-151133-3fae,2026-08-01T15:11:33Z
vrf/VFR20_15_5_Gap,Small,20,15,NEH,,1961,0.0015695819165557623,4.586666666666667,run-20260801-151133-ba25,2026-08-01T15:11:33Z
vrf/VFR20_15_6_Gap,Small,20,15,NEH,,2061,0.0015941879246383905,5.153061224489796,run-20260801-151133-1801,2026-08-01T15:11:33Z
vrf/VFR20_15_7_Gap,Small,20,15,NEH,,2020,0.0015727521385997534,4.500775995861355,run-20260801-151133-72d0,2026-08-01T15:11:33Z
vrf/VFR20_15_8_Gap,Small,20,15,NEH,,1916,0.0015783810522407293,5.159165751920966,run-20260801-151133-a465,2026-08-01T15:11:33Z
vrf/VFR20_15_9_Gap,Small,20,15,NEH,,2003,0.0015653870068490505,3.247422680412371,run-20260801-151133-dac2,2026-08-01T15:11:33Z
vrf/VFR20_20_10_Gap,Small,20,20,NEH,,2290,0.0020868240389972925,4.138244656662119,run-20260801-151133-dc48,2026-08-01T15:11:33Z
vrf/VFR20_20_1_Gap,Small,20,20,NEH,,2344,0.0020399068016558886,3.2599118942731278,run-20260801-151133-ccbe,2026-08-01T15:11:33Z
vrf/VFR20_20_2_Gap,Small,20,20,NEH,,2255,0.002076582983136177,3.9170506912442398,run-20260801-151133-9b9a,2026-08-01T15:11:33Z
vrf/VFR20_20_3_Gap,Small,20,20,NEH,,2365,0.0020716190338134766,3.864734299516908,run-20260801-151133-8b3a,2026-08-01T15:11:33Z
vrf/VFR20_20_4_Gap,Small,20,20,NEH,,2278,0.0020518158562481403,5.219399538106235,run-20260801-151133-b7eb,2026-08-01T15:11:33Z
vrf/VFR20_20_5_Gap,Small,20,20,NEH,,2325,0.002040209947153926,4.49438202247191,run-20260801-151133-745c,2026-08-01T15:11:33Z
vrf/VFR20_20_6_Gap,Small,20,20,NEH,,2409,0.002025384921580553,5.15058926233086,run-20260801-151133-1fb6,2026-08-01T15:11:33Z
vrf/VFR20_20_7_Gap,Small,20,20,NEH,,2367,0.002027353970333934,3.724802804557406,run-20260801-151133-a492,2026-08-01T15:11:33Z
vrf/VFR20_20_8_Gap,Small,20,20,NEH,,2250,0.0020415771286934614,3.3057851239669422,run-20260801-151133-8ec7,2026-08-01T15:11:33Z
vrf/VFR20_20_9_Gap,Small,20,20,NEH,,2452,0.00204035104252398,4.163126593033135,run-20260801-151133-4b80,2026-08-01T15:11:33Z
vrf/VFR20_5_10_Gap,Small,20,5,NEH,,1255,0.0006444209720939398,0.9654062751407884,run-20260801-151133-b3e1,2026-08-01T15:11:33Z
vrf/VFR20_5_1_Gap,Small,20,5,NEH,,1215,0.0006344539579004049,1.929530201342282,run-20260801-151133-3abd,2026-08-01T15:11:33Z
vrf/VFR20_5_2_Gap,Small,20,5,NEH,,1290,0.0006408831104636192,1.1764705882352942,run-20260801-151133-234e,2026-08-01T15:11:33Z
vrf/VFR20_5_3_Gap,Small,20,5,NEH,,1326,0.0006618541665375233,0.22675736961451248,run-20260801-151133-3ff0,2026-08-01T15:11:33Z
vrf/VFR20_5_4_Gap,Small,20,5,NEH,,1148,0.0006390258204191923,1.8633540372670807,run-20260801-151133-400d,2026-08-01T15:11:33Z
vrf/VFR20_5_5_Gap,Small,20,5,NEH,,1356,0.0006400188431143761,1.2696041822255415,run-20260801-151133-a96f,2026-08-01T15:11:33Z
vrf/VFR20_5_6_Gap,Small,20,5,NEH,,1090,0.0006467248313128948,2.25140712945591,run-20260801-151133-e586,2026-08-01T15:11:33Z
vrf/VFR20_5_7_Gap,Small,20,5,NEH,,1157,0.0006211488507688046,0.25996533795493937,run-20260801-151133-39b9,2026-08-01T15:11:33Z
vrf/VFR20_5_8_Gap,Small,20,5,NEH,,1151,0.0006298080552369356,4.4464609800362975,run-20260801-151133-7ea1,2026-08-01T15:11:33Z
vrf/VFR20_5_9_Gap,Small,20,5,NEH,,1327,0.0006369519978761673,0.7593014426727411,run-20260801-151133-a3a9,2026-08-01T15:11:33Z
vrf/VFR30_10_10_Gap,Small,30,10,NEH,,2018,0.0016805341001600027,5.3785900783289815,run-20260801-151133-bdfd,2026-08-01T15:11:33Z
vrf/VFR30_10_1_Gap,Small,30,10,NEH,,2024,0.0016749780625104904,4.11522633744856,run-20260801-151133-dc99,2026-08-01T15:11:33Z
vrf/VFR30_10_2_Gap,Small,30,10,NEH,,2172,0.0016631968319416046,3.5271687321258343,run-20260801-151133-3640,2026-08-01T15:11:33Z
vrf/VFR30_10_3_Gap,Small,30,10,NEH,,2160,0.00165272387675941,3.996148290804044,run-20260801-151133-c802,2026-08-01T15:11:33Z
vrf/VFR30_10_4_Gap,Small,30,10,NEH,,2068,0.0016650529578328133,6.323907455012853,run-20260801-151133-d397,2026-08-01T15:11:33Z
vrf/VFR30_10_5_Gap,Small,30,10,NEH,,2159,0.0016686820890754461,6.722689075630252,run-20260801-151133-c8b1,2026-08-01T15:11:33Z
vrf/VFR30_10_6_Gap,Small,30,10,NEH,,2146,0.001657227985560894,5.041605482134116,run-20260801-151133-afe6,2026-08-01T15:11:33Z
vrf/VFR30_10_7_Gap,Small,30,10,NEH,,2053,0.0016558209899812937,4.372140315200814,run-20260801-151133-ebc7,2026-08-01T15:11:33Z
vrf/VFR30_10_8_Gap,Small,30,10,NEH,,2032,0.0016541979275643826,7.172995780590718,run-20260801-151133-d8df,2026-08-01T15:11:33Z
vrf/VFR30_10_9_Gap,Small,30,10,NEH,,2022,0.0016548209823668003,5.9748427672955975,run-20260801-151133-fb97,2026-08-01T15:11:33Z
vrf/VFR30_15_10_Gap,Small,30,15,NEH,,2521,0.002373474882915616,5.70230607966457,run-20260801-151133-9fa2,2026-08-01T15:11:33Z
vrf/VFR30_15_1_Gap,Small,30,15,NEH,,2517,0.0023621360305696726,5.711885762284754,run-20260801-151133-cd73,2026-08-01T15:11:33Z
vrf/VFR30_15_2_Gap,Small,30,15,NEH,,2438,0.0023504600394517183,5.176876617773943,run-20260801-151133-ffce,2026-08-01T15:11:33Z
vrf/VFR30_15_3_Gap,Small,30,15,NEH,,2503,0.002364726969972253,8.637152777777779,run-20260801-151133-2e79,2026-08-01T15:11:33Z
vrf/VFR30_15_4_Gap,Small,30,15,NEH,,2578,0.0023638030979782343,5.482815057283142,run-20260801-151133-a568,2026-08-01T15:11:33Z
vrf/VFR30_15_5_Gap,Small,30,15,NEH,,2496,0.0023670289665460587,3.012794056954189,run-20260801-151133-0ed5,2026-08-01T15:11:33Z
vrf/VFR30_15_6_Gap,Small,30,15,NEH,,2470,0.0023636911064386368,7.111882046834345,run-20260801-151133-90e9,2026-08-01T15:11:33Z
vrf/VFR30_15_7_Gap,Small,30,15,NEH,,2432,0.002355915028601885,5.008635578583765,run-20260801-151133-34f6,2026-08-01T15:11:33Z
vrf/VFR30_15_8_Gap,Small,30,15,NEH,,2536,0.0024047251790761948,7.185122569737954,run-20260801-151133-273a,2026-08-01T15:11:33Z
vrf/VFR30_15_9_Gap,Small,30,15,NEH,,2377,0.002396543975919485,5.223550243470562,run-20260801-151133-0b44,2026-08-01T15:11:33Z
vrf/VFR30_20_10_Gap,Small,30,20,NEH,,2916,0.0030771929305046797,3.9572192513368982,run-20260801-151133-50ce,2026-08-01T15:11:33Z
vrf/VFR30_20_1_Gap,Small,30,20,NEH,,2754,0.0030731279402971268,4.199772985244041,run-20260801-151133-14ee,2026-08-01T15:11:33Z
vrf/VFR30_20_2_Gap,Small,30,20,NEH,,3016,0.0030743249226361513,6.3844797178130515,run-20260801-151133-cdc2,2026-08-01T15:11:33Z
vrf/VFR30_20_3_Gap,Small,30,20,NEH,,2955,0.003048021113499999,6.180380883938196,run-20260801-151133-7bf7,2026-08-01T15:11:33Z
vrf/VFR30_20_4_Gap,Small,30,20,NEH,,2845,0.003081436036154628,6.156716417910448,run-20260801-151133-4b4a,2026-08-01T15:11:33Z
vrf/VFR30_20_5_Gap,Small,30,20,NEH,,2829,0.0030759319197386503,5.875748502994012,run-20260801-151133-f8ad,2026-08-01T15:11:33Z
vrf/VFR30_20_6_Gap,Small,30,20,NEH,,2917,0.0030761328525841236,7.440147329650092,run-20260801-151133-f116,2026-08-01T15:11:33Z
vrf/VFR30_20_7_Gap,Small,30,20,NEH,,2831,0.003071808023378253,4.387905604719764,run-20260801-151133-c60c,2026-08-01T15:11:33Z
vrf/VFR30_20_8_Gap,Small,30,20,NEH,,2936,0.0030825550202280283,4.409672830725462,run-20260801-151133-5019,2026-08-01T15:11:33Z
vrf/VFR30_20_9_Gap,Small,30,20,NEH,,2937,0.003065844066441059,5.080500894454383,run-20260801-151133-0fcf,2026-08-01T15:11:33Z
vrf/VFR30_5_10_Gap,Small,30,5,NEH,,1668,0.0009510170202702284,1.8937080024434942,run-20260801-151133-6622,2026-08-01T15:11:33Z
vrf/VFR30_5_1_Gap,Small,30,5,NEH,,1823,0.000944965984672308,0.997229916897507,run-20260801-151133-4d2b,2026-08-01T15:11:33Z
vrf/VFR30_5_2_Gap,Small,30,5,NEH,,1633,0.0009420488495379686,3.6825396825396823,run-20260801-151133-820e,2026-08-01T15:11:33Z
vrf/VFR30_5_3_Gap,Small,30,5,NEH,,1737,0.0009365370497107506,3.825463239689181,run-20260801-151133-67fc,2026-08-01T15:11:33Z
vrf/VFR30_5_4_Gap,Small,30,5,NEH,,1791,0.0009369358886033297,0.5614823133071308,run-20260801-151133-4303,2026-08-01T15:11:33Z
vrf/VFR30_5_5_Gap,Small,30,5,NEH,,1720,0.0009356578812003136,0.7615700058582309,run-20260801-151133-fc1a,2026-08-01T15:11:33Z
vrf/VFR30_5_6_Gap,Small,30,5,NEH,,1878,0.0009522191248834133,0.16,run-20260801-151133-10af,2026-08-01T15:11:33Z
vrf/VFR30_5_7_Gap,Small,30,5,NEH,,1749,0.0009440691210329533,0.0,run-20260801-151133-d533,2026-08-01T15:11:33Z
vrf/VFR30_5_8_Gap,Small,30,5,NEH,,1748,0.0009489748626947403,2.4618991793669402,run-20260801-151133-bb22,2026-08-01T15:11:33Z
vrf/VFR30_5_9_Gap,Small,30,5,NEH,,1735,0.000958859920501709,0.0,run-20260801-151133-85a0,2026-08-01T15:11:33Z
vrf/VFR40_10_10_Gap,Small,40,10,NEH,,2587,0.0022300188429653645,4.398708635996772,run-20260801-151133-6069,2026-08-01T15:11:33Z
vrf/VFR40_10_1_Gap,Small,40,10,NEH,,2614,0.00220829201862216,5.403225806451613,run-20260801-151133-73fd,2026-08-01T15:11:33Z
vrf/VFR40_10_2_Gap,Small,40,10,NEH,,2557,0.0022089409176260233,4.623567921440262,run-20260801-151133-c353,2026-08-01T15:11:33Z
vrf/VFR40_10_3_Gap,Small,40,10,NEH,,2545,0.0022192129399627447,5.514096185737976,run-20260801-151133-a85f,2026-08-01T15:11:33Z
vrf/VFR40_10_4_Gap,Small,40,10,NEH,,2602,0.0022216991055756807,5.258899676375404,run-20260801-151133-4c51,2026-08-01T15:11:33Z
vrf/VFR40_10_5_Gap,Small,40,10,NEH,,2541,0.0022203840781003237,4.783505154639175,run-20260801-151133-09cf,2026-08-01T15:11:33Z
vrf/VFR40_10_6_Gap,Small,40,10,NEH,,2669,0.002209288999438286,4.789948959560267,run-20260801-151133-ed63,2026-08-01T15:11:33Z
vrf/VFR40_10_7_Gap,Small,40,10,NEH,,2632,0.0022109150886535645,5.237904838064774,run-20260801-151133-33a8,2026-08-01T15:11:33Z
vrf/VFR40_10_8_Gap,Small,40,10,NEH,,2606,0.002218571025878191,4.616619831393015,run-20260801-151133-e1fb,2026-08-01T15:11:33Z
vrf/VFR40_10_9_Gap,Small,40,10,NEH,,2533,0.0022066179662942886,5.060141020323517,run-20260801-151133-6dc8,2026-08-01T15:11:33Z
vrf/VFR40_15_10_Gap,Small,40,15,NEH,,3124,0.0031779338605701923,6.078098471986418,run-20260801-151133-bbba,2026-08-01T15:11:33Z
vrf/VFR40_15_1_Gap,Small,40,15,NEH,,3133,0.0031659749802201986,4.051810029890402,run-20260801-151133-be59,2026-08-01T15:11:33Z
vrf/VFR40_15_2_Gap,Small,40,15,NEH,,3050,0.003298775991424918,8.117688762850053,run-20260801-151133-0a66,2026-08-01T15:11:33Z
vrf/VFR40_15_3_Gap,Small,40,15,NEH,,3059,0.003169227158650756,5.264969029593944,run-20260801-151133-9398,2026-08-01T15:11:33Z
vrf/VFR40_15_4_Gap,Small,40,15,NEH,,3104,0.0032155609223991632,6.3377869133264815,run-20260801-151133-2002,2026-08-01T15:11:33Z
vrf/VFR40_15_5_Gap,Small,40,15,NEH,,3080,0.003271083813160658,4.584040747028863,run-20260801-151133-7f39,2026-08-01T15:11:33Z
vrf/VFR40_15_6_Gap,Small,40,15,NEH,,2970,0.0032301980536431074,5.882352941176471,run-20260801-151133-ae02,2026-08-01T15:11:33Z
vrf/VFR40_15_7_Gap,Small,40,15,NEH,,3088,0.0032193700317293406,7.670850767085077,run-20260801-151133-8ed3,2026-08-01T15:11:33Z
vrf/VFR40_15_8_Gap,Small,40,15,NEH,,3110,0.0032234271056950092,7.241379310344827,run-20260801-151133-873d,2026-08-01T15:11:33Z
vrf/VFR40_15_9_Gap,Small,40,15,NEH,,2850,0.0031954499427229166,5.2437223042836045,run-20260801-151133-673d,2026-08-01T15:11:33Z
vrf/VFR40_20_10_Gap,Small,40,20,NEH,,3293,0.004165987018495798,5.477258167841128,run-20260801-151133-c2db,2026-08-01T15:11:33Z
vrf/VFR40_20_1_Gap,Small,40,20,NEH,,3495,0.004172076005488634,5.08117859290439,run-20260801-151133-930b,2026-08-01T15:11:33Z
vrf/VFR40_20_2_Gap,Small,40,20,NEH,,3409,0.004182626027613878,5.672659640421575,run-20260801-151133-8a1f,2026-08-01T15:11:33Z
vrf/VFR40_20_3_Gap,Small,40,20,NEH,,3364,0.004158264957368374,4.051964120012372,run-20260801-151133-11fe,2026-08-01T15:11:33Z
vrf/VFR40_20_4_Gap,Small,40,20,NEH,,3400,0.004187086131423712,5.165480977420352,run-20260801-151133-0075,2026-08-01T15:11:33Z
vrf/VFR40_20_5_Gap,Small,40,20,NEH,,3237,0.0041733181569725275,5.957446808510638,run-20260801-151133-dc5a,2026-08-01T15:11:33Z
vrf/VFR40_20_6_Gap,Small,40,20,NEH,,3368,0.004172988934442401,5.513784461152882,run-20260801-151133-14f2,2026-08-01T15:11:33Z
vrf/VFR40_20_7_Gap,Small,40,20,NEH,,3356,0.004189850063994527,3.4525277435265105,run-20260801-151133-37e5,2026-08-01T15:11:33Z
vrf/VFR40_20_8_Gap,Small,40,20,NEH,,3480,0.004198419163003564,6.552357624004899,run-20260801-151133-5847,2026-08-01T15:11:33Z
vrf/VFR40_20_9_Gap,Small,40,20,NEH,,3485,0.0042035270016640425,4.497751124437781,run-20260801-151133-6f25,2026-08-01T15:11:33Z
vrf/VFR40_5_10_Gap,Small,40,5,NEH,,2358,0.0012729240115731955,0.42589437819420783,run-20260801-151133-f9ae,2026-08-01T15:11:33Z
vrf/VFR40_5_1_Gap,Small,40,5,NEH,,2396,0.0012875120155513287,0.0,run-20260801-151133-1dfc,2026-08-01T15:11:33Z
vrf/VFR40_5_2_Gap,Small,40,5,NEH,,2469,0.0012715840712189674,1.1056511056511056,run-20260801-151133-5cfa,2026-08-01T15:11:33Z
vrf/VFR40_5_3_Gap,Small,40,5,NEH,,2178,0.0012688569258898497,0.18399264029438822,run-20260801-151133-dbf3,2026-08-01T15:11:33Z
vrf/VFR40_5_4_Gap,Small,40,5,NEH,,2200,0.0012749910820275545,2.373196835737552,run-20260801-151133-d5b2,2026-08-01T15:11:33Z
vrf/VFR40_5_5_Gap,Small,40,5,NEH,,2290,0.0012845071032643318,1.9136626613262127,run-20260801-151133-947f,2026-08-01T15:11:33Z
vrf/VFR40_5_6_Gap,Small,40,5,NEH,,2175,0.0012835548259317875,0.9749303621169917,run-20260801-151133-2817,2026-08-01T15:11:33Z
vrf/VFR40_5_7_Gap,Small,40,5,NEH,,2256,0.0012756101787090302,2.22020842772995,run-20260801-151133-9890,2026-08-01T15:11:33Z
vrf/VFR40_5_8_Gap,Small,40,5,NEH,,2414,0.001258363015949726,0.0,run-20260801-151133-0146,2026-08-01T15:11:33Z
vrf/VFR40_5_9_Gap,Small,40,5,NEH,,2345,0.001268815016373992,1.735357917570499,run-20260801-151133-c28f,2026-08-01T15:11:33Z
vrf/VFR50_10_10_Gap,Small,50,10,NEH,,3217,0.0028297360986471176,5.268324607329843,run-20260801-151133-e7d8,2026-08-01T15:11:33Z
vrf/VFR50_10_1_Gap,Small,50,10,NEH,,3071,0.002818817039951682,4.9555707450444295,run-20260801-151133-12a2,2026-08-01T15:11:33Z
vrf/VFR50_10_2_Gap,Small,50,10,NEH,,3181,0.002808937104418874,4.810543657331137,run-20260801-151133-fc69,2026-08-01T15:11:33Z
vrf/VFR50_10_3_Gap,Small,50,10,NEH,,3205,0.0028141550719738007,6.160980457105001,run-20260801-151133-9c02,2026-08-01T15:11:33Z
vrf/VFR50_10_4_Gap,Small,50,10,NEH,,3171,0.0028294469229876995,5.594405594405594,run-20260801-151133-cb39,2026-08-01T15:11:33Z
vrf/VFR50_10_5_Gap,Small,50,10,NEH,,3423,0.002813237952068448,5.25830258302583,run-20260801-151133-6704,2026-08-01T15:11:33Z
vrf/VFR50_10_6_Gap,Small,50,10,NEH,,3243,0.0028137590270489454,2.985074626865672,run-20260801-151133-f96a,2026-08-01T15:11:33Z
vrf/VFR50_10_7_Gap,Small,50,10,NEH,,2962,0.0028104158118367195,4.2223786066150595,run-20260801-151133-eefa,2026-08-01T15:11:33Z
vrf/VFR50_10_8_Gap,Small,50,10,NEH,,3188,0.002869734074920416,3.7760416666666665,run-20260801-151133-bd04,2026-08-01T15:11:33Z
vrf/VFR50_10_9_Gap,Small,50,10,NEH,,3106,0.002849942073225975,2.7796161482461947,run-20260801-151133-ced4,2026-08-01T15:11:33Z
vrf/VFR50_15_10_Gap,Small,50,15,NEH,,3640,0.004067342961207032,7.090320682553692,run-20260801-151133-bf8f,2026-08-01T15:11:33Z
vrf/VFR50_15_1_Gap,Small,50,15,NEH,,3536,0.004041454056277871,6.634499396863691,run-20260801-151133-0533,2026-08-01T15:11:33Z
vrf/VFR50_15_2_Gap,Small,50,15,NEH,,3575,0.004048072034493089,6.812070510905288,run-20260801-151133-b40f,2026-08-01T15:11:33Z
vrf/VFR50_15_3_Gap,Small,50,15,NEH,,3514,0.004056044854223728,6.452590124204787,run-20260801-151133-dccc,2026-08-01T15:11:33Z
vrf/VFR50_15_4_Gap,Small,50,15,NEH,,3719,0.004045421024784446,5.623402442487929,run-20260801-151133-23ea,2026-08-01T15:11:33Z
vrf/VFR50_15_5_Gap,Small,50,15,NEH,,3527,0.0040586411487311125,5.788842231553689,run-20260801-151133-17d6,2026-08-01T15:11:33Z
vrf/VFR50_15_6_Gap,Small,50,15,NEH,,3599,0.004051532130688429,7.561267184698147,run-20260801-151133-19d6,2026-08-01T15:11:33Z
vrf/VFR50_15_7_Gap,Small,50,15,NEH,,3674,0.004051862983033061,5.2722063037249285,run-20260801-151133-b26f,2026-08-01T15:11:33Z
vrf/VFR50_15_8_Gap,Small,50,15,NEH,,3702,0.004033227916806936,7.930029154518951,run-20260801-151133-12d1,2026-08-01T15:11:33Z
vrf/VFR50_15_9_Gap,Small,50,15,NEH,,3398,0.004051435040310025,6.021840873634946,run-20260801-151133-e548,2026-08-01T15:11:33Z
vrf/VFR50_20_10_Gap,Small,50,20,NEH,,4009,0.00521403388120234,6.367736800212258,run-20260801-151133-9aa8,2026-08-01T15:11:33Z
vrf/VFR50_20_1_Gap,Small,50,20,NEH,,3965,0.0051603929605335,7.365285675602491,run-20260801-151133-3f03,2026-08-01T15:11:33Z
vrf/VFR50_20_2_Gap,Small,50,20,NEH,,3973,0.005187320988625288,6.8297929550954555,run-20260801-151133-775a,2026-08-01T15:11:33Z
vrf/VFR50_20_3_Gap,Small,50,20,NEH,,3995,0.005212430842220783,5.576109936575053,run-20260801-151133-d893,2026-08-01T15:11:33Z
vrf/VFR50_20_4_Gap,Small,50,20,NEH,,3884,0.005268085980787873,4.7182528983553516,run-20260801-151133-2886,2026-08-01T15:11:33Z
vrf/VFR50_20_5_Gap,Small,50,20,NEH,,3832,0.005344003904610872,5.506607929515418,run-20260801-151133-3a8e,2026-08-01T15:11:33Z
vrf/VFR50_20_6_Gap,Small,50,20,NEH,,3985,0.005266830092296004,5.006587615283268,run-20260801-151133-759c,2026-08-01T15:11:33Z
vrf/VFR50_20_7_Gap,Small,50,20,NEH,,3896,0.005206667818129063,5.411255411255412,run-20260801-151133-c134,2026-08-01T15:11:33Z
vrf/VFR50_20_8_Gap,Small,50,20,NEH,,4016,0.005171359051018953,6.159132963256675,run-20260801-151133-d227,2026-08-01T15:11:33Z
vrf/VFR50_20_9_Gap,Small,50,20,NEH,,4072,0.005192683078348637,6.7085953878406706,run-20260801-151133-476a,2026-08-01T15:11:33Z
vrf/VFR50_5_10_Gap,Small,50,5,NEH,,2834,0.0015630549751222134,0.0,run-20260801-151133-5e11,2026-08-01T15:11:33Z
vrf/VFR50_5_1_Gap,Small,50,5,NEH,,3055,0.0015479088760912418,0.0,run-20260801-151133-0007,2026-08-01T15:11:33Z
vrf/VFR50_5_2_Gap,Small,50,5,NEH,,2857,0.0015595080330967903,0.14020329477742727,run-20260801-151133-ed24,2026-08-01T15:11:33Z
vrf/VFR50_5_3_Gap,Small,50,5,NEH,,2800,0.0015702878590673208,1.9664967225054626,run-20260801-151133-775f,2026-08-01T15:11:33Z
vrf/VFR50_5_4_Gap,Small,50,5,NEH,,2858,0.0015625599771738052,0.7757404795486601,run-20260801-151133-73c3,2026-08-01T15:11:33Z
vrf/VFR50_5_5_Gap,Small,50,5,NEH,,2901,0.0015549438539892435,1.2212142358688067,run-20260801-151133-d8db,2026-08-01T15:11:33Z
vrf/VFR50_5_6_Gap,Small,50,5,NEH,,2874,0.00154978409409523,1.1615628299894403,run-20260801-151133-f45e,2026-08-01T15:11:33Z
vrf/VFR50_5_7_Gap,Small,50,5,NEH,,2602,0.0015649499837309122,0.07692307692307693,run-20260801-151133-69fc,2026-08-01T15:11:33Z
vrf/VFR50_5_8_Gap,Small,50,5,NEH,,2684,0.0015537131112068892,0.0,run-20260801-151133-05cd,2026-08-01T15:11:33Z
vrf/VFR50_5_9_Gap,Small,50,5,NEH,,2624,0.001559617929160595,0.11446012972148036,run-20260801-151133-dcd7,2026-08-01T15:11:33Z
vrf/VFR60_10_10_Gap,Small,60,10,NEH,,3637,0.003319669049233198,4.152348224513173,run-20260801-151133-0e63,2026-08-01T15:11:33Z
vrf/VFR60_10_1_Gap,Small,60,10,NEH,,3605,0.003389157122001052,4.9490538573508,run-20260801-151133-cdae,2026-08-01T15:11:33Z
vrf/VFR60_10_2_Gap,Small,60,10,NEH,,3781,0.003391830949112773,3.4473324213406293,run-20260801-151133-fb4b,2026-08-01T15:11:33Z
vrf/VFR60_10_3_Gap,Small,60,10,NEH,,3554,0.0033869671169668436,3.827052293309962,run-20260801-151133-3cb7,2026-08-01T15:11:33Z
vrf/VFR60_10_4_Gap,Small,60,10,NEH,,3589,0.0033781840465962887,3.878437047756874,run-20260801-151133-34f3,2026-08-01T15:11:33Z
vrf/VFR60_10_5_Gap,Small,60,10,NEH,,3713,0.003359920112416148,5.934379457917261,run-20260801-151133-7be7,2026-08-01T15:11:33Z
vrf/VFR60_10_6_Gap,Small,60,10,NEH,,3811,0.003345432924106717,6.037840845854202,run-20260801-151133-32ac,2026-08-01T15:11:33Z
vrf/VFR60_10_7_Gap,Small,60,10,NEH,,3776,0.0033782529644668102,3.338806787082649,run-20260801-151133-e1b3,2026-08-01T15:11:33Z
vrf/VFR60_10_8_Gap,Small,60,10,NEH,,3651,0.0033559349831193686,2.7871621621621623,run-20260801-151133-d1fe,2026-08-01T15:11:33Z
vrf/VFR60_10_9_Gap,Small,60,10,NEH,,3730,0.003353858133777976,1.2211668928086838,run-20260801-151133-d0f8,2026-08-01T15:11:33Z
vrf/VFR60_15_10_Gap,Small,60,15,NEH,,4055,0.004794093081727624,3.921066119938493,run-20260801-151133-4df6,2026-08-01T15:11:33Z
vrf/VFR60_15_1_Gap,Small,60,15,NEH,,4128,0.004829477984458208,4.771573604060913,run-20260801-151133-760c,2026-08-01T15:11:33Z
vrf/VFR60_15_2_Gap,Small,60,15,NEH,,4152,0.004794534994289279,6.790123456790123,run-20260801-151133-8d7c,2026-08-01T15:11:33Z
vrf/VFR60_15_3_Gap,Small,60,15,NEH,,4150,0.004824182018637657,6.958762886597938,run-20260801-151133-87c5,2026-08-01T15:11:33Z
vrf/VFR60_15_4_Gap,Small,60,15,NEH,,3946,0.004796148044988513,6.189451022604952,run-20260801-151133-402b,2026-08-01T15:11:33Z
vrf/VFR60_15_5_Gap,Small,60,15,NEH,,4148,0.004817710956558585,6.879670188095852,run-20260801-151133-dbcd,2026-08-01T15:11:33Z
vrf/VFR60_15_6_Gap,Small,60,15,NEH,,4107,0.004808129044249654,5.497045979964038,run-20260801-151133-d9e8,2026-08-01T15:11:33Z
vrf/VFR60_15_7_Gap,Small,60,15,NEH,,4027,0.004834367893636227,5.7232869519558935,run-20260801-151133-e79c,2026-08-01T15:11:33Z
vrf/VFR60_15_8_Gap,Small,60,15,NEH,,3977,0.004793081898242235,6.081621765804215,run-20260801-151133-29d0,2026-08-01T15:11:33Z
vrf/VFR60_15_9_Gap,Small,60,15,NEH,,3992,0.0048684971407055855,5.052631578947368,run-20260801-151133-88f5,2026-08-01T15:11:33Z
vrf/VFR60_20_10_Gap,Small,60,20,NEH,,4478,0.006359522929415107,6.568300809138505,run-20260801-151133-eab5,2026-08-01T15:11:33Z
vrf/VFR60_20_1_Gap,Small,60,20,NEH,,4419,0.006293700076639652,6.149411482104251,run-20260801-151133-ae5c,2026-08-01T15:11:33Z
vrf/VFR60_20_2_Gap,Small,60,20,NEH,,4574,0.006264036986976862,6.62004662004662,run-20260801-151133-d950,2026-08-01T15:11:33Z
vrf/VFR60_20_3_Gap,Small,60,20,NEH,,4590,0.006246417993679643,5.154639175257732,run-20260801-151133-ac3d,2026-08-01T15:11:33Z
vrf/VFR60_20_4_Gap,Small,60,20,NEH,,4481,0.006251537939533591,6.868590507989507,run-20260801-151133-7a70,2026-08-01T15:11:33Z
vrf/VFR60_20_5_Gap,Small,60,20,NEH,,4395,0.006251689977943897,4.7426120114394665,run-20260801-151133-3197,2026-08-01T15:11:33Z
vrf/VFR60_20_6_Gap,Small,60,20,NEH,,4483,0.00627620704472065,6.6872917658257975,run-20260801-151133-4289,2026-08-01T15:11:33Z
vrf/VFR60_20_7_Gap,Small,60,20,NEH,,4574,0.006282133981585503,7.295331925873798,run-20260801-151133-2727,2026-08-01T15:11:33Z
vrf/VFR60_20_8_Gap,Small,60,20,NEH,,4507,0.006251876940950751,7.822966507177034,run-20260801-151133-c1d3,2026-08-01T15:11:33Z
vrf/VFR60_20_9_Gap,Small,60,20,NEH,,4500,0.0062653380446136,6.609808102345416,run-20260801-151133-57a4,2026-08-01T15:11:33Z
vrf/VFR60_5_10_Gap,Small,60,5,NEH,,3663,0.0018906018231064081,0.0,run-20260801-151133-1049,2026-08-01T15:11:33Z
vrf/VFR60_5_1_Gap,Small,60,5,NEH,,3350,0.0018976819701492786,0.0,run-20260801-151133-875d,2026-08-01T15:11:33Z
vrf/VFR60_5_2_Gap,Small,60,5,NEH,,3110,0.0018873079679906368,1.83366077275704,run-20260801-151133-dd7c,2026-08-01T15:11:33Z
vrf/VFR60_5_3_Gap,Small,60,5,NEH,,3312,0.0018770720344036818,3.0491599253266957,run-20260801-151133-7776,2026-08-01T15:11:33Z
vrf/VFR60_5_4_Gap,Small,60,5,NEH,,3273,0.0018709921278059483,0.21432945499081446,run-20260801-151133-43d4,2026-08-01T15:11:33Z
vrf/VFR60_5_5_Gap,Small,60,5,NEH,,3217,0.0018866900354623795,0.6255864873318736,run-20260801-151133-7928,2026-08-01T15:11:33Z
vrf/VFR60_5_6_Gap,Small,60,5,NEH,,3138,0.0019074080046266317,0.9977470228516253,run-20260801-151133-6536,2026-08-01T15:11:33Z
vrf/VFR60_5_7_Gap,Small,60,5,NEH,,3351,0.0019044619984924793,1.085972850678733,run-20260801-151133-131a,2026-08-01T15:11:33Z
vrf/VFR60_5_8_Gap,Small,60,5,NEH,,3459,0.0018976801075041294,0.6108202443280978,run-20260801-151133-adee,2026-08-01T15:11:33Z
vrf/VFR60_5_9_Gap,Small,60,5,NEH,,3137,0.001883388962596655,0.5126561999359179,run-20260801-151133-299b,2026-08-01T15:11:33Z
vrf/VFR100_20_10_Gap,Large,100,20,NEH,,6496,0.01801658794283867,5.711960943856794,run-20260801-151133-f20c,2026-08-01T15:11:33Z
vrf/VFR100_20_1_Gap,Large,100,20,NEH,,6596,0.010695770848542452,6.421426266537593,run-20260801-151133-35bb,2026-08-01T15:11:33Z
vrf/VFR100_20_2_Gap,Large,100,20,NEH,,6685,0.010684498120099306,6.0101490643831275,run-20260801-151133-a806,2026-08-01T15:11:33Z
vrf/VFR100_20_3_Gap,Large,100,20,NEH,,6521,0.010649960022419691,4.536710484129529,run-20260801-151133-c890,2026-08-01T15:11:33Z
vrf/VFR100_20_4_Gap,Large,100,20,NEH,,6575,0.010609213961288333,5.2842273819055245,run-20260801-151134-5660,2026-08-01T15:11:34Z
vrf/VFR100_20_5_Gap,Large,100,20,NEH,,6680,0.010669443989172578,6.099110546378653,run-20260801-151134-65fb,2026-08-01T15:11:34Z
vrf/VFR100_20_6_Gap,Large,100,20,NEH,,6700,0.01055738516151905,5.995886726783737,run-20260801-151134-5b02,2026-08-01T15:11:34Z
vrf/VFR100_20_7_Gap,Large,100,20,NEH,,6838,0.010624855989590287,6.279142057817842,run-20260801-151134-3ff0,2026-08-01T15:11:34Z
vrf/VFR100_20_8_Gap,Large,100,20,NEH,,6437,0.010810747975483537,5.455439056356488,run-20260801-151134-db53,2026-08-01T15:11:34Z
vrf/VFR100_20_9_Gap,Large,100,20,NEH,,6690,0.010797991184517741,5.288007554296506,run-20260801-151134-4cf9,2026-08-01T15:11:34Z
vrf/VFR100_40_10_Gap,Large,100,40,NEH,,8416,0.021254156017675996,5.835010060362173,run-20260801-151134-b426,2026-08-01T15:11:34Z
vrf/VFR100_40_1_Gap,Large,100,40,NEH,,8313,0.020932812010869384,5.481537875904073,run-20260801-151134-41fa,2026-08-01T15:11:34Z
vrf/VFR100_40_2_Gap,Large,100,40,NEH,,8463,0.020271077984943986,5.695016860247284,run-20260801-151134-ed65,2026-08-01T15:11:34Z
vrf/VFR100_40_3_Gap,Large,100,40,NEH,,8320,0.020382320042699575,4.851921865154379,run-20260801-151134-b19a,2026-08-01T15:11:34Z
vrf/VFR100_40_4_Gap,Large,100,40,NEH,,8385,0.020402881084010005,5.711043872919818,run-20260801-151134-7601,2026-08-01T15:11:34Z
vrf/VFR100_40_5_Gap,Large,100,40,NEH,,8428,0.02044500201009214,5.205342653850955,run-20260801-151134-5776,2026-08-01T15:11:34Z
vrf/VFR100_40_6_Gap,Large,100,40,NEH,,8420,0.0204609630163759,4.94827371307491,run-20260801-151134-9a3a,2026-08-01T15:11:34Z
vrf/VFR100_40_7_Gap,Large,100,40,NEH,,8460,0.020618468057364225,5.670746939795154,run-20260801-151134-7413,2026-08-01T15:11:34Z
vrf/VFR100_40_8_Gap,Large,100,40,NEH,,8414,0.02044678316451609,5.451811003885199,run-20260801-151134-7e29,2026-08-01T15:11:34Z
vrf/VFR100_40_9_Gap,Large,100,40,NEH,,8393,0.02056747884489596,5.825242718446602,run-20260801-151134-597a,2026-08-01T15:11:34Z
vrf/VFR100_60_10_Gap,Large,100,60,NEH,,10065,0.03084511705674231,4.86559699937487,run-20260801-151134-628c,2026-08-01T15:11:34Z
vrf/VFR100_60_1_Gap,Large,100,60,NEH,,9821,0.030528292059898376,4.534326769558276,run-20260801-151134-f372,2026-08-01T15:11:34Z
vrf/VFR100_60_2_Gap,Large,100,60,NEH,,10037,0.0305329451803118,4.595664860358482,run-20260801-151134-b5ca,2026-08-01T15:11:34Z
vrf/VFR100_60_3_Gap,Large,100,60,NEH,,9840,0.03042684611864388,5.251898598780619,run-20260801-151134-261f,2026-08-01T15:11:34Z
vrf/VFR100_60_4_Gap,Large,100,60,NEH,,9843,0.0303735239431262,4.423933800127307,run-20260801-151134-3a46,2026-08-01T15:11:34Z
vrf/VFR100_60_5_Gap,Large,100,60,NEH,,9975,0.030525437090545893,5.3882725832012675,run-20260801-151134-0b9d,2026-08-01T15:11:34Z
vrf/VFR100_60_6_Gap,Large,100,60,NEH,,10134,0.030536492122337222,4.830867901106858,run-20260801-151134-78f0,2026-08-01T15:11:34Z
vrf/VFR100_60_7_Gap,Large,100,60,NEH,,9883,0.030368587002158165,5.239058673197743,run-20260801-151134-1cbb,2026-08-01T15:11:34Z
vrf/VFR100_60_8_Gap,Large,100,60,NEH,,10062,0.030524362111464143,5.5380742605412205,run-20260801-151134-f489,2026-08-01T15:11:34Z
vrf/VFR100_60_9_Gap,Large,100,60,NEH,,9986,0.03042989713139832,4.817886008187258,run-20260801-151134-f988,2026-08-01T15:11:34Z
vrf/VFR200_20_10_Gap,Large,200,20,NEH,,11867,0.02406924613751471,4.924845269672856,run-20260801-151134-ccd4,2026-08-01T15:11:34Z
vrf/VFR200_20_1_Gap,Large,200,20,NEH,,11825,0.02423295401968062,4.599734630694383,run-20260801-151134-d111,2026-08-01T15:11:34Z
vrf/VFR200_20_2_Gap,Large,200,20,NEH,,11785,0.02410040609538555,4.616067465601421,run-20260801-151134-8a01,2026-08-01T15:11:34Z
vrf/VFR200_20_3_Gap,Large,200,20,NEH,,11766,0.0241469310130924,3.875695241458462,run-20260801-151134-1b88,2026-08-01T15:11:34Z
vrf/VFR200_20_4_Gap,Large,200,20,NEH,,11681,0.02415700489655137,4.220199857244825,run-20260801-151134-df59,2026-08-01T15:11:34Z
vrf/VFR200_20_5_Gap,Large,200,20,NEH,,11665,0.02468115813098848,4.077444682369736,run-20260801-151134-2800,2026-08-01T15:11:34Z
vrf/VFR200_20_6_Gap,Large,200,20,NEH,,11866,0.02413956099189818,4.38990058942553,run-20260801-151134-49ed,2026-08-01T15:11:34Z
vrf/VFR200_20_7_Gap,Large,200,20,NEH,,11868,0.024148761993274093,4.288224956063269,run-20260801-151134-25f2,2026-08-01T15:11:34Z
vrf/VFR200_20_8_Gap,Large,200,20,NEH,,11511,0.024038019124418497,3.321066331568082,run-20260801-151134-a399,2026-08-01T15:11:34Z
vrf/VFR200_20_9_Gap,Large,200,20,NEH,,11568,0.024165773997083306,4.000719230423447,run-20260801-151134-62ab,2026-08-01T15:11:34Z
vrf/VFR200_40_10_Gap,Large,200,40,NEH,,13844,0.04663353506475687,4.65678863017841,run-20260801-151134-b4bf,2026-08-01T15:11:34Z
vrf/VFR200_40_1_Gap,Large,200,40,NEH,,13912,0.04724202794022858,5.939689308559244,run-20260801-151134-d1c0,2026-08-01T15:11:34Z
vrf/VFR200_40_2_Gap,Large,200,40,NEH,,13721,0.04667732398957014,4.724469546634102,run-20260801-151135-7985,2026-08-01T15:11:35Z
vrf/VFR200_40_3_Gap,Large,200,40,NEH,,13977,0.0469873808324337,5.375452352231604,run-20260801-151135-a731,2026-08-01T15:11:35Z
vrf/VFR200_40_4_Gap,Large,200,40,NEH,,13798,0.046694386983290315,4.277509068923821,run-20260801-151135-e765,2026-08-01T15:11:35Z
vrf/VFR200_40_5_Gap,Large,200,40,NEH,,13578,0.04676175699569285,4.1018170666257765,run-20260801-151135-f163,2026-08-01T15:11:35Z
vrf/VFR200_40_6_Gap,Large,200,40,NEH,,13767,0.0462966940831393,4.899420908259677,run-20260801-151135-bd9d,2026-08-01T15:11:35Z
vrf/VFR200_40_7_Gap,Large,200,40,NEH,,13836,0.046718921046704054,4.037897586284683,run-20260801-151135-660d,2026-08-01T15:11:35Z
vrf/VFR200_40_8_Gap,Large,200,40,NEH,,13860,0.04641196387819946,4.698594953920532,run-20260801-151135-93a1,2026-08-01T15:11:35Z
vrf/VFR200_40_9_Gap,Large,200,40,NEH,,13746,0.04657400608994067,4.405286343612334,run-20260801-151135-25a0,2026-08-01T15:11:35Z
vrf/VFR200_60_10_Gap,Large,200,60,NEH,,15671,0.07288840017281473,4.473333333333334,run-20260801-151135-5158,2026-08-01T15:11:35Z
vrf/VFR200_60_1_Gap,Large,200,60,NEH,,15773,0.07342531508766115,5.223482321547698,run-20260801-151135-e32d,2026-08-01T15:11:35Z
vrf/VFR200_60_2_Gap,Large,200,60,NEH,,15643,0.07209339994005859,4.607462886184298,run-20260801-151135-d998,2026-08-01T15:11:35Z
vrf/VFR200_60_3_Gap,Large,200,60,NEH,,15851,0.07268011895939708,4.282894736842105,run-20260801-151135-a7e5,2026-08-01T15:11:35Z
vrf/VFR200_60_4_Gap,Large,200,60,NEH,,15706,0.07205033907666802,4.400425418771603,run-20260801-151135-87f3,2026-08-01T15:11:35Z
vrf/VFR200_60_5_Gap,Large,200,60,NEH,,15756,0.07174161192961037,4.137475214805023,run-20260801-151135-9c46,2026-08-01T15:11:35Z
vrf/VFR200_60_6_Gap,Large,200,60,NEH,,15732,0.07192777609452605,4.635849684070502,run-20260801-151135-0774,2026-08-01T15:11:35Z
vrf/VFR200_60_7_Gap,Large,200,60,NEH,,15728,0.071966647868976,4.574468085106383,run-20260801-151135-0c3f,2026-08-01T15:11:35Z
vrf/VFR200_60_8_Gap,Large,200,60,NEH,,15685,0.07169822999276221,4.790219134152859,run-20260801-151136-cdd4,2026-08-01T15:11:36Z
vrf/VFR200_60_9_Gap,Large,200,60,NEH,,15686,0.07258759206160903,4.420183730528558,run-20260801-151136-4e13,2026-08-01T15:11:36Z
vrf/VFR300_20_10_Gap,Large,300,20,NEH,,17175,0.0403354971203953,1.6332327356648322,run-20260801-151136-059c,2026-08-01T15:11:36Z
vrf/VFR300_20_1_Gap,Large,300,20,NEH,,16632,0.040094693191349506,2.990897269180754,run-20260801-151136-a8c9,2026-08-01T15:11:36Z
vrf/VFR300_20_2_Gap,Large,300,20,NEH,,17001,0.03981589013710618,2.9614825581395348,run-20260801-151136-fbc9,2026-08-01T15:11:36Z
vrf/VFR300_20_3_Gap,Large,300,20,NEH,,16774,0.04062058706767857,3.716069993198541,run-20260801-151136-0963,2026-08-01T15:11:36Z
vrf/VFR300_20_4_Gap,Large,300,20,NEH,,16743,0.04026734409853816,3.473209319572338,run-20260801-151136-ed1a,2026-08-01T15:11:36Z
vrf/VFR300_20_5_Gap,Large,300,20,NEH,,16893,0.04030989785678685,3.371680332884592,run-20260801-151136-e43e,2026-08-01T15:11:36Z
vrf/VFR300_20_6_Gap,Large,300,20,NEH,,16667,0.039933888940140605,3.2843775175063517,run-20260801-151136-88e5,2026-08-01T15:11:36Z
vrf/VFR300_20_7_Gap,Large,300,20,NEH,,16705,0.04015176300890744,2.698881101684495,run-20260801-151136-1e4b,2026-08-01T15:11:36Z
vrf/VFR300_20_8_Gap,Large,300,20,NEH,,16953,0.040551030077040195,3.271198830409357,run-20260801-151136-8808,2026-08-01T15:11:36Z
vrf/VFR300_20_9_Gap,Large,300,20,NEH,,16795,0.04036581399850547,2.5586223742061556,run-20260801-151136-cced,2026-08-01T15:11:36Z
vrf/VFR300_40_10_Gap,Large,300,40,NEH,,19126,0.08305820007808506,3.940003260692354,run-20260801-151136-f00c,2026-08-01T15:11:36Z
vrf/VFR300_40_1_Gap,Large,300,40,NEH,,19079,0.08041949197649956,4.26822603563231,run-20260801-151136-1b68,2026-08-01T15:11:36Z
vrf/VFR300_40_2_Gap,Large,300,40,NEH,,19155,0.08345230598933995,3.7986344423973124,run-20260801-151136-b119,2026-08-01T15:11:36Z
vrf/VFR300_40_3_Gap,Large,300,40,NEH,,19239,0.08465847792103887,4.236874898412527,run-20260801-151136-0b56,2026-08-01T15:11:36Z
vrf/VFR300_40_4_Gap,Large,300,40,NEH,,19207,0.08297969494014978,4.66459593482644,run-20260801-151136-9046,2026-08-01T15:11:36Z
vrf/VFR300_40_5_Gap,Large,300,40,NEH,,19287,0.08217983297072351,4.344297771045229,run-20260801-151137-9c8d,2026-08-01T15:11:37Z
vrf/VFR300_40_6_Gap,Large,300,40,NEH,,19147,0.08323507802560925,3.7834028944658247,run-20260801-151137-330d,2026-08-01T15:11:37Z
vrf/VFR300_40_7_Gap,Large,300,40,NEH,,19136,0.08328872499987483,3.892719474455725,run-20260801-151137-7e17,2026-08-01T15:11:37Z
vrf/VFR300_40_8_Gap,Large,300,40,NEH,,19079,0.08343046484515071,3.7353197042192257,run-20260801-151137-5b4a,2026-08-01T15:11:37Z
vrf/VFR300_40_9_Gap,Large,300,40,NEH,,19158,0.08249099412932992,4.153528324453626,run-20260801-151137-20a5,2026-08-01T15:11:37Z
vrf/VFR300_60_10_Gap,Large,300,60,NEH,,21346,0.12536882515996695,4.269245799140289,run-20260801-151137-b199,2026-08-01T15:11:37Z
vrf/VFR300_60_1_Gap,Large,300,60,NEH,,21335,0.12329786201007664,3.961602183023097,run-20260801-151137-ecb5,2026-08-01T15:11:37Z
vrf/VFR300_60_2_Gap,Large,300,60,NEH,,21200,0.12447573314420879,3.9266630717192017,run-20260801-151137-7d69,2026-08-01T15:11:37Z
vrf/VFR300_60_3_Gap,Large,300,60,NEH,,21252,0.12274509598501027,4.003132034843888,run-20260801-151137-1958,2026-08-01T15:11:37Z
vrf/VFR300_60_4_Gap,Large,300,60,NEH,,21127,0.12218728801235557,3.5891149791615593,run-20260801-151138-ce3b,2026-08-01T15:11:38Z
vrf/VFR300_60_5_Gap,Large,300,60,NEH,,21155,0.12230730894953012,4.0017698244924045,run-20260801-151138-57bb,2026-08-01T15:11:38Z
vrf/VFR300_60_6_Gap,Large,300,60,NEH,,21075,0.12353985197842121,3.36962919364332,run-20260801-151138-b8ef,2026-08-01T15:11:38Z
vrf/VFR300_60_7_Gap,Large,300,60,NEH,,21367,0.1250694638583809,4.448355086278536,run-20260801-151138-609b,2026-08-01T15:11:38Z
vrf/VFR300_60_8_Gap,Large,300,60,NEH,,21226,0.12398987403139472,3.9980401763841256,run-20260801-151138-9cec,2026-08-01T15:11:38Z
vrf/VFR300_60_9_Gap,Large,300,60,NEH,,21324,0.12219147710129619,3.771473064382695,run-20260801-151138-f0af,2026-08-01T15:11:38Z
vrf/VFR400_20_10_Gap,Large,400,20,NEH,,22065,0.057889170944690704,2.4468381465317113,run-20260801-151138-add2,2026-08-01T15:11:38Z
vrf/VFR400_20_1_Gap,Large,400,20,NEH,,21663,0.05776118393987417,2.571022727272727,run-20260801-151138-5325,2026-08-01T15:11:38Z
vrf/VFR400_20_2_Gap,Large,400,20,NEH,,21896,0.057827422162517905,2.045952369855991,run-20260801-151138-18ba,2026-08-01T15:11:38Z
vrf/VFR400_20_3_Gap,Large,400,20,NEH,,21952,0.05789841013029218,2.3832843617368593,run-20260801-151138-74ae,2026-08-01T15:11:38Z
vrf/VFR400_20_4_Gap,Large,400,20,NEH,,21916,0.05747640412300825,3.1486798136207463,run-20260801-151139-ed67,2026-08-01T15:11:39Z
vrf/VFR400_20_5_Gap,Large,400,20,NEH,,21990,0.05786364804953337,2.027559968449868,run-20260801-151139-419d,2026-08-01T15:11:39Z
vrf/VFR400_20_6_Gap,Large,400,20,NEH,,21903,0.05810061004012823,3.2478551899688886,run-20260801-151139-3500,2026-08-01T15:11:39Z
vrf/VFR400_20_7_Gap,Large,400,20,NEH,,22196,0.05841362499631941,2.6404624277456645,run-20260801-151139-a633,2026-08-01T15:11:39Z
vrf/VFR400_20_8_Gap,Large,400,20,NEH,,21811,0.0582832379732281,2.5097523147060206,run-20260801-151139-a743,2026-08-01T15:11:39Z
vrf/VFR400_20_9_Gap,Large,400,20,NEH,,21890,0.058473604964092374,2.54848683594116,run-20260801-151139-ef54,2026-08-01T15:11:39Z
vrf/VFR400_40_10_Gap,Large,400,40,NEH,,24596,0.11886765994131565,3.6930860033726813,run-20260801-151139-01ac,2026-08-01T15:11:39Z
vrf/VFR400_40_1_Gap,Large,400,40,NEH,,24436,0.12173778307624161,3.638985494952922,run-20260801-151139-0c5f,2026-08-01T15:11:39Z
vrf/VFR400_40_2_Gap,Large,400,40,NEH,,24361,0.12119060684926808,3.858287858117326,run-20260801-151139-682d,2026-08-01T15:11:39Z
vrf/VFR400_40_3_Gap,Large,400,40,NEH,,24469,0.12276798603124917,3.792152704135737,run-20260801-151139-8c4f,2026-08-01T15:11:39Z
vrf/VFR400_40_4_Gap,Large,400,40,NEH,,24309,0.12289285799488425,3.8446751249519417,run-20260801-151139-31f0,2026-08-01T15:11:39Z
vrf/VFR400_40_5_Gap,Large,400,40,NEH,,24117,0.12203039205633104,3.3334761557907364,run-20260801-151140-0cce,2026-08-01T15:11:40Z
vrf/VFR400_40_6_Gap,Large,400,40,NEH,,24350,0.1221948591992259,3.8645282375021326,run-20260801-151140-dee6,2026-08-01T15:11:40Z
vrf/VFR400_40_7_Gap,Large,400,40,NEH,,24441,0.12240109895356,3.7570045848191542,run-20260801-151140-bef1,2026-08-01T15:11:40Z
vrf/VFR400_40_8_Gap,Large,400,40,NEH,,24215,0.12333217216655612,3.43428302934518,run-20260801-151140-deda,2026-08-01T15:11:40Z
vrf/VFR400_40_9_Gap,Large,400,40,NEH,,24438,0.12390320491977036,3.3887549181368195,run-20260801-151140-d89d,2026-08-01T15:11:40Z
vrf/VFR400_60_10_Gap,Large,400,60,NEH,,26822,0.18758188094943762,4.094384289983312,run-20260801-151140-0587,2026-08-01T15:11:40Z
vrf/VFR400_60_1_Gap,Large,400,60,NEH,,26514,0.1820318300742656,3.5420002343109305,run-20260801-151140-ff37,2026-08-01T15:11:40Z
vrf/VFR400_60_2_Gap,Large,400,60,NEH,,26588,0.1839111850131303,3.632678515746804,run-20260801-151141-2f58,2026-08-01T15:11:41Z
vrf/VFR400_60_3_Gap,Large,400,60,NEH,,26793,0.18236484681256115,3.7643778319972117,run-20260801-151141-0b47,2026-08-01T15:11:41Z
vrf/VFR400_60_4_Gap,Large,400,60,NEH,,26746,0.18252398702315986,3.518210318535434,run-20260801-151141-c41c,2026-08-01T15:11:41Z
vrf/VFR400_60_5_Gap,Large,400,60,NEH,,26653,0.1825208819936961,2.998802024964254,run-20260801-151141-cdf9,2026-08-01T15:11:41Z
vrf/VFR400_60_6_Gap,Large,400,60,NEH,,26364,0.18263226212002337,3.242481203007519,run-20260801-151141-0db6,2026-08-01T15:11:41Z
vrf/VFR400_60_7_Gap,Large,400,60,NEH,,26532,0.1823294300120324,3.640625,run-20260801-151142-6a08,2026-08-01T15:11:42Z
vrf/VFR400_60_8_Gap,Large,400,60,NEH,,26778,0.18280417192727327,3.7906976744186047,run-20260801-151142-2533,2026-08-01T15:11:42Z
vrf/VFR400_60_9_Gap,Large,400,60,NEH,,26755,0.18300493084825575,3.373000540916467,run-20260801-151142-f213,2026-08-01T15:11:42Z
vrf/VFR500_20_10_Gap,Large,500,20,NEH,,26696,0.07803036784753203,2.3933722000613686,run-20260801-151142-6d6f,2026-08-01T15:11:42Z
vrf/VFR500_20_1_Gap,Large,500,20,NEH,,27039,0.08119023591279984,2.377797129983719,run-20260801-151142-f268,2026-08-01T15:11:42Z
vrf/VFR500_20_2_Gap,Large,500,20,NEH,,27229,0.08049170300364494,2.0538960308834002,run-20260801-151142-f22b,2026-08-01T15:11:42Z
vrf/VFR500_20_3_Gap,Large,500,20,NEH,,27152,0.08039043983444571,2.8134348138892045,run-20260801-151142-6065,2026-08-01T15:11:42Z
vrf/VFR500_20_4_Gap,Large,500,20,NEH,,26682,0.08022278384305537,2.1359669269637114,run-20260801-151142-a1b9,2026-08-01T15:11:42Z
vrf/VFR500_20_5_Gap,Large,500,20,NEH,,27232,0.08063993300311267,1.6840297225645047,run-20260801-151142-3b68,2026-08-01T15:11:42Z
vrf/VFR500_20_6_Gap,Large,500,20,NEH,,26949,0.0800556750036776,1.913549899784442,run-20260801-151143-a301,2026-08-01T15:11:43Z
vrf/VFR500_20_7_Gap,Large,500,20,NEH,,27010,0.08033474814146757,2.1828774637763404,run-20260801-151143-da87,2026-08-01T15:11:43Z
vrf/VFR500_20_8_Gap,Large,500,20,NEH,,27073,0.08006776194088161,2.868759024241964,run-20260801-151143-74fb,2026-08-01T15:11:43Z
vrf/VFR500_20_9_Gap,Large,500,20,NEH,,27055,0.08034026087261736,2.3182815218213446,run-20260801-151143-8e02,2026-08-01T15:11:43Z
vrf/VFR500_40_10_Gap,Large,500,40,NEH,,29737,0.16743059898726642,3.4042701161415954,run-20260801-151143-4a48,2026-08-01T15:11:43Z
vrf/VFR500_40_1_Gap,Large,500,40,NEH,,29359,0.16699242405593395,2.8408294801737424,run-20260801-151143-ebe7,2026-08-01T15:11:43Z
vrf/VFR500_40_2_Gap,Large,500,40,NEH,,29713,0.16229198989458382,3.1952210606744695,run-20260801-151143-1a2f,2026-08-01T15:11:43Z
vrf/VFR500_40_3_Gap,Large,500,40,NEH,,29550,0.16606692597270012,3.2963959869961896,run-20260801-151143-10bf,2026-08-01T15:11:43Z
vrf/VFR500_40_4_Gap,Large,500,40,NEH,,29672,0.1609928070101887,2.9277091716386847,run-20260801-151144-02fc,2026-08-01T15:11:44Z
vrf/VFR500_40_5_Gap,Large,500,40,NEH,,29730,0.161809392971918,3.650245790189311,run-20260801-151144-fce4,2026-08-01T15:11:44Z
vrf/VFR500_40_6_Gap,Large,500,40,NEH,,29403,0.16566893714480102,3.0816154816996213,run-20260801-151144-179c,2026-08-01T15:11:44Z
vrf/VFR500_40_7_Gap,Large,500,40,NEH,,29684,0.16134533798322082,3.212795549374131,run-20260801-151144-f2f7,2026-08-01T15:11:44Z
vrf/VFR500_40_8_Gap,Large,500,40,NEH,,29571,0.16182705387473106,3.042023834413548,run-20260801-151144-5a1b,2026-08-01T15:11:44Z
vrf/VFR500_40_9_Gap,Large,500,40,NEH,,29830,0.1656716470606625,3.325251125736058,run-20260801-151144-eed2,2026-08-01T15:11:44Z
vrf/VFR500_60_10_Gap,Large,500,60,NEH,,31950,0.24724003090523183,2.898550724637681,run-20260801-151145-b806,2026-08-01T15:11:45Z
vrf/VFR500_60_1_Gap,Large,500,60,NEH,,31800,0.2447634730488062,3.0426752211529116,run-20260801-151145-28fa,2026-08-01T15:11:45Z
vrf/VFR500_60_2_Gap,Large,500,60,NEH,,31709,0.2473191861063242,2.8577916180096015,run-20260801-151145-3c60,2026-08-01T15:11:45Z
vrf/VFR500_60_3_Gap,Large,500,60,NEH,,32093,0.24885578895919025,3.1100401606425705,run-20260801-151145-8c7f,2026-08-01T15:11:45Z
vrf/VFR500_60_4_Gap,Large,500,60,NEH,,31978,0.248818603111431,3.3949818934299016,run-20260801-151146-0a94,2026-08-01T15:11:46Z
vrf/VFR500_60_5_Gap,Large,500,60,NEH,,31925,0.24822537112049758,3.2002586067561016,run-20260801-151146-90eb,2026-08-01T15:11:46Z
vrf/VFR500_60_6_Gap,Large,500,60,NEH,,32015,0.24738133396022022,3.1843233312921004,run-20260801-151146-c888,2026-08-01T15:11:46Z
vrf/VFR500_60_7_Gap,Large,500,60,NEH,,31906,0.24803190003149211,3.16218313502328,run-20260801-151147-5b9f,2026-08-01T15:11:47Z
vrf/VFR500_60_8_Gap,Large,500,60,NEH,,32000,0.24731101212091744,3.2657803020524074,run-20260801-151147-ba25,2026-08-01T15:11:47Z
vrf/VFR500_60_9_Gap,Large,500,60,NEH,,31918,0.24835326801985502,3.034411517851378,run-20260801-151147-7ec8,2026-08-01T15:11:47Z
vrf/VFR600_20_10_Gap,Large,600,20,NEH,,31678,0.09949884191155434,1.7603597815611949,run-20260801-151147-b681,2026-08-01T15:11:47Z
vrf/VFR600_20_1_Gap,Large,600,20,NEH,,31969,0.1010691998526454,1.705214265262622,run-20260801-151147-d2f0,2026-08-01T15:11:47Z
vrf/VFR600_20_2_Gap,Large,600,20,NEH,,31962,0.10107825300656259,1.731491501686931,run-20260801-151147-2523,2026-08-01T15:11:47Z
vrf/VFR600_20_3_Gap,Large,600,20,NEH,,32065,0.10221101599745452,2.0236087689713322,run-20260801-151147-62f0,2026-08-01T15:11:47Z
vrf/VFR600_20_4_Gap,Large,600,20,NEH,,31967,0.09982705605216324,1.3313468792595176,run-20260801-151148-646f,2026-08-01T15:11:48Z
vrf/VFR600_20_5_Gap,Large,600,20,NEH,,31911,0.1017210700083524,1.472271686593742,run-20260801-151148-3e86,2026-08-01T15:11:48Z
vrf/VFR600_20_6_Gap,Large,600,20,NEH,,32216,0.10033078282140195,1.5732887725825266,run-20260801-151148-b8d4,2026-08-01T15:11:48Z
vrf/VFR600_20_7_Gap,Large,600,20,NEH,,31887,0.10001604189164937,1.1418783899514702,run-20260801-151148-895d,2026-08-01T15:11:48Z
vrf/VFR600_20_8_Gap,Large,600,20,NEH,,32024,0.1005712749902159,1.457356482068179,run-20260801-151148-7ad9,2026-08-01T15:11:48Z
vrf/VFR600_20_9_Gap,Large,600,20,NEH,,32053,0.10043174191378057,1.5074262912879628,run-20260801-151148-1822,2026-08-01T15:11:48Z
vrf/VFR600_40_10_Gap,Large,600,40,NEH,,34644,0.21750225615687668,2.9784198323524165,run-20260801-151148-04fd,2026-08-01T15:11:48Z
vrf/VFR600_40_1_Gap,Large,600,40,NEH,,34799,0.20807915413752198,2.8369632672360297,run-20260801-151148-9443,2026-08-01T15:11:48Z
vrf/VFR600_40_2_Gap,Large,600,40,NEH,,34613,0.20761147909797728,3.424268682582843,run-20260801-151149-9f25,2026-08-01T15:11:49Z
vrf/VFR600_40_3_Gap,Large,600,40,NEH,,34877,0.22462782310321927,2.985294986121774,run-20260801-151149-554c,2026-08-01T15:11:49Z
vrf/VFR600_40_4_Gap,Large,600,40,NEH,,34795,0.21390505298040807,3.2707090493574333,run-20260801-151149-f4ab,2026-08-01T15:11:49Z
vrf/VFR600_40_5_Gap,Large,600,40,NEH,,34600,0.20806119893677533,3.120436324620749,run-20260801-151149-f05e,2026-08-01T15:11:49Z
vrf/VFR600_40_6_Gap,Large,600,40,NEH,,34797,0.22583773685619235,2.9222987961785325,run-20260801-151150-c97d,2026-08-01T15:11:50Z
vrf/VFR600_40_7_Gap,Large,600,40,NEH,,34844,0.21145871304906905,3.437629875912842,run-20260801-151150-feb9,2026-08-01T15:11:50Z
vrf/VFR600_40_8_Gap,Large,600,40,NEH,,34650,0.2079955441877246,3.4884415506839495,run-20260801-151150-c9dc,2026-08-01T15:11:50Z
vrf/VFR600_40_9_Gap,Large,600,40,NEH,,34668,0.22078130301088095,2.881562156868564,run-20260801-151150-ada5,2026-08-01T15:11:50Z
vrf/VFR600_60_10_Gap,Large,600,60,NEH,,37203,0.34091545594856143,2.8758675994801317,run-20260801-151151-dc88,2026-08-01T15:11:51Z
vrf/VFR600_60_1_Gap,Large,600,60,NEH,,37289,0.3337118139024824,3.013978672854854,run-20260801-151151-2f96,2026-08-01T15:11:51Z
vrf/VFR600_60_2_Gap,Large,600,60,NEH,,37166,0.33466693689115345,2.713906699093522,run-20260801-151151-2406,2026-08-01T15:11:51Z
vrf/VFR600_60_3_Gap,Large,600,60,NEH,,37358,0.3372384400572628,3.1960443081682826,run-20260801-151152-2754,2026-08-01T15:11:52Z
vrf/VFR600_60_4_Gap,Large,600,60,NEH,,37259,0.33430121187120676,3.1077042284702237,run-20260801-151152-ab52,2026-08-01T15:11:52Z
vrf/VFR600_60_5_Gap,Large,600,60,NEH,,37237,0.33620148291811347,2.9983680469117364,run-20260801-151152-3888,2026-08-01T15:11:52Z
vrf/VFR600_60_6_Gap,Large,600,60,NEH,,37160,0.33344430406577885,2.8906855687230038,run-20260801-151153-aabb,2026-08-01T15:11:53Z
vrf/VFR600_60_7_Gap,Large,600,60,NEH,,37223,0.33459701994434,2.885651897509605,run-20260801-151153-31c7,2026-08-01T15:11:53Z
vrf/VFR600_60_8_Gap,Large,600,60,NEH,,37213,0.33441167999990284,2.8409561973193314,run-20260801-151153-ae0c,2026-08-01T15:11:53Z
vrf/VFR600_60_9_Gap,Large,600,60,NEH,,37216,0.334334353916347,2.820831606575494,run-20260801-151154-59fb,2026-08-01T15:11:54Z
vrf/VFR700_20_10_Gap,Large,700,20,NEH,,36730,0.12498648790642619,0.8594887003322624,run-20260801-151154-d3df,2026-08-01T15:11:54Z
vrf/VFR700_20_1_Gap,Large,700,20,NEH,,36876,0.12478470499627292,1.324394130900698,run-20260801-151154-7147,2026-08-01T15:11:54Z
vrf/VFR700_20_2_Gap,Large,700,20,NEH,,37000,0.13818448316305876,1.8245865096182954,run-20260801-151154-6031,2026-08-01T15:11:54Z
vrf/VFR700_20_3_Gap,Large,700,20,NEH,,36992,0.1383861170616001,1.1594837015970247,run-20260801-151154-bc43,2026-08-01T15:11:54Z
vrf/VFR700_20_4_Gap,Large,700,20,NEH,,36950,0.13911971100606024,1.3661801821573576,run-20260801-151154-ba13,2026-08-01T15:11:54Z
vrf/VFR700_20_5_Gap,Large,700,20,NEH,,37289,0.1380065290722996,1.9270719440192434,run-20260801-151155-feb5,2026-08-01T15:11:55Z
vrf/VFR700_20_6_Gap,Large,700,20,NEH,,37094,0.1378347990103066,1.1535000409042568,run-20260801-151155-6005,2026-08-01T15:11:55Z
vrf/VFR700_20_7_Gap,Large,700,20,NEH,,37208,0.1380669199861586,1.5945827872433378,run-20260801-151155-e894,2026-08-01T15:11:55Z
vrf/VFR700_20_8_Gap,Large,700,20,NEH,,37050,0.13794520497322083,1.445703959257434,run-20260801-151155-9e7d,2026-08-01T15:11:55Z
vrf/VFR700_20_9_Gap,Large,700,20,NEH,,36818,0.1377010210417211,1.3460320955710314,run-20260801-151155-8641,2026-08-01T15:11:55Z
vrf/VFR700_40_10_Gap,Large,700,40,NEH,,40057,0.2774700450245291,3.1068211068211067,run-20260801-151155-9572,2026-08-01T15:11:55Z
vrf/VFR700_40_1_Gap,Large,700,40,NEH,,39952,0.28474440798163414,2.5356739554460526,run-20260801-151156-ef9f,2026-08-01T15:11:56Z
vrf/VFR700_40_2_Gap,Large,700,40,NEH,,39833,0.28154617897234857,2.72856221792392,run-20260801-151156-af2e,2026-08-01T15:11:56Z
vrf/VFR700_40_3_Gap,Large,700,40,NEH,,39746,0.2896155519410968,2.9129230211542945,run-20260801-151156-daef,2026-08-01T15:11:56Z
vrf/VFR700_40_4_Gap,Large,700,40,NEH,,39876,0.27360815391875803,2.812943148124275,run-20260801-151157-3761,2026-08-01T15:11:57Z
vrf/VFR700_40_5_Gap,Large,700,40,NEH,,39827,0.27561786002479494,2.9893201623955936,run-20260801-151157-61f2,2026-08-01T15:11:57Z
vrf/VFR700_40_6_Gap,Large,700,40,NEH,,39825,0.273807052988559,2.880392663394472,run-20260801-151157-ff58,2026-08-01T15:11:57Z
vrf/VFR700_40_7_Gap,Large,700,40,NEH,,39506,0.271579866996035,2.3869379292471167,run-20260801-151157-0a9a,2026-08-01T15:11:57Z
vrf/VFR700_40_8_Gap,Large,700,40,NEH,,40050,0.2708793790079653,2.537187331984946,run-20260801-151158-25fe,2026-08-01T15:11:58Z
vrf/VFR700_40_9_Gap,Large,700,40,NEH,,39914,0.271895854966715,2.8340289586231773,run-20260801-151158-c04c,2026-08-01T15:11:58Z
vrf/VFR700_60_10_Gap,Large,700,60,NEH,,42519,0.4431560579687357,2.759987432631655,run-20260801-151158-8f4b,2026-08-01T15:11:58Z
vrf/VFR700_60_1_Gap,Large,700,60,NEH,,42633,0.42510960018262267,2.8887923544743703,run-20260801-151159-4994,2026-08-01T15:11:59Z
vrf/VFR700_60_2_Gap,Large,700,60,NEH,,42400,0.4278830059338361,2.4773413897280965,run-20260801-151159-1e8a,2026-08-01T15:11:59Z
vrf/VFR700_60_3_Gap,Large,700,60,NEH,,42502,0.4310217550955713,2.8680688336520075,run-20260801-151200-bc2c,2026-08-01T15:12:00Z
vrf/VFR700_60_4_Gap,Large,700,60,NEH,,42449,0.43010397790931165,2.5313398227095965,run-20260801-151200-c5c6,2026-08-01T15:12:00Z
vrf/VFR700_60_5_Gap,Large,700,60,NEH,,42442,0.42712580203078687,2.859774126314769,run-20260801-151201-7610,2026-08-01T15:12:01Z
vrf/VFR700_60_6_Gap,Large,700,60,NEH,,42534,0.4289364640135318,2.8882438316400583,run-20260801-151201-6322,2026-08-01T15:12:01Z
vrf/VFR700_60_7_Gap,Large,700,60,NEH,,42019,0.4270439899992198,2.796261865153146,run-20260801-151201-aa45,2026-08-01T15:12:01Z
vrf/VFR700_60_8_Gap,Large,700,60,NEH,,42662,0.42628654884174466,2.8644451945797367,run-20260801-151202-f2c9,2026-08-01T15:12:02Z
vrf/VFR700_60_9_Gap,Large,700,60,NEH,,42355,0.42831377289257944,2.5768327238381246,run-20260801-151202-f07e,2026-08-01T15:12:02Z
vrf/VFR800_20_10_Gap,Large,800,20,NEH,,42011,0.1519204848445952,1.0511377303122145,run-20260801-151202-b36c,2026-08-01T15:12:02Z
vrf/VFR800_20_1_Gap,Large,800,20,NEH,,41940,0.1546616719570011,0.9191972664709562,run-20260801-151203-87d5,2026-08-01T15:12:03Z
vrf/VFR800_20_2_Gap,Large,800,20,NEH,,41986,0.15299032884649932,1.3983142946844735,run-20260801-151203-541d,2026-08-01T15:12:03Z
vrf/VFR800_20_3_Gap,Large,800,20,NEH,,42111,0.1514327940531075,1.656004828002414,run-20260801-151203-7e7e,2026-08-01T15:12:03Z
vrf/VFR800_20_4_Gap,Large,800,20,NEH,,42216,0.15178813599050045,1.9070149181673346,run-20260801-151203-8868,2026-08-01T15:12:03Z
vrf/VFR800_20_5_Gap,Large,800,20,NEH,,42265,0.15121010108850896,1.3306161591944379,run-20260801-151203-feeb,2026-08-01T15:12:03Z
vrf/VFR800_20_6_Gap,Large,800,20,NEH,,42334,0.15072252484969795,0.7712449416805522,run-20260801-151203-5f0f,2026-08-01T15:12:03Z
vrf/VFR800_20_7_Gap,Large,800,20,NEH,,42008,0.15095249097794294,1.4073627036813519,run-20260801-151204-be68,2026-08-01T15:12:04Z
vrf/VFR800_20_8_Gap,Large,800,20,NEH,,41885,0.15012538712471724,0.9471705388990649,run-20260801-151204-dfd1,2026-08-01T15:12:04Z
vrf/VFR800_20_9_Gap,Large,800,20,NEH,,42181,0.15073915803804994,0.9211407790219159,run-20260801-151204-afda,2026-08-01T15:12:04Z
vrf/VFR800_40_10_Gap,Large,800,40,NEH,,44940,0.33892840798944235,2.4600442306376964,run-20260801-151204-99d3,2026-08-01T15:12:04Z
vrf/VFR800_40_1_Gap,Large,800,40,NEH,,44738,0.3484260740224272,2.443268988573653,run-20260801-151205-8958,2026-08-01T15:12:05Z
vrf/VFR800_40_2_Gap,Large,800,40,NEH,,44868,0.3482605190947652,2.5648059251131534,run-20260801-151205-138d,2026-08-01T15:12:05Z
vrf/VFR800_40_3_Gap,Large,800,40,NEH,,44835,0.34859426016919315,2.4823424535417953,run-20260801-151205-a7da,2026-08-01T15:12:05Z
vrf/VFR800_40_4_Gap,Large,800,40,NEH,,44885,0.3489233760628849,2.262371274947599,run-20260801-151206-9a95,2026-08-01T15:12:06Z
vrf/VFR800_40_5_Gap,Large,800,40,NEH,,44951,0.3494150061160326,2.3824165812549825,run-20260801-151206-d384,2026-08-01T15:12:06Z
vrf/VFR800_40_6_Gap,Large,800,40,NEH,,44955,0.35113310092128813,2.6112163611878296,run-20260801-151206-3561,2026-08-01T15:12:06Z
vrf/VFR800_40_7_Gap,Large,800,40,NEH,,44830,0.34930910798721015,2.4311109080107847,run-20260801-151207-92a6,2026-08-01T15:12:07Z
vrf/VFR800_40_8_Gap,Large,800,40,NEH,,44986,0.3490885980427265,2.616391797258149,run-20260801-151207-cc7f,2026-08-01T15:12:07Z
vrf/VFR800_40_9_Gap,Large,800,40,NEH,,44903,0.34912178898230195,2.3336903758061944,run-20260801-151207-72ad,2026-08-01T15:12:07Z
vrf/VFR800_60_10_Gap,Large,800,60,NEH,,47514,0.5826090269256383,2.746302222991091,run-20260801-151208-3dd9,2026-08-01T15:12:08Z
vrf/VFR800_60_1_Gap,Large,800,60,NEH,,47900,0.5414445181377232,3.0772541424574995,run-20260801-151209-ed90,2026-08-01T15:12:09Z
vrf/VFR800_60_2_Gap,Large,800,60,NEH,,47552,0.5420205120462924,2.2777622437786333,run-20260801-151209-9d8b,2026-08-01T15:12:09Z
vrf/VFR800_60_3_Gap,Large,800,60,NEH,,47607,0.5388297301251441,2.6256224535989134,run-20260801-151210-9c27,2026-08-01T15:12:10Z
vrf/VFR800_60_4_Gap,Large,800,60,NEH,,47579,0.5343880699947476,2.415136577910756,run-20260801-151210-4151,2026-08-01T15:12:10Z
vrf/VFR800_60_5_Gap,Large,800,60,NEH,,47765,0.5383250808808953,2.9395918191418287,run-20260801-151211-c5dd,2026-08-01T15:12:11Z
vrf/VFR800_60_6_Gap,Large,800,60,NEH,,47794,0.5388682289049029,2.957713103983111,run-20260801-151211-ecab,2026-08-01T15:12:11Z
vrf/VFR800_60_7_Gap,Large,800,60,NEH,,47493,0.5401735161431134,2.5345970336147152,run-20260801-151212-9e81,2026-08-01T15:12:12Z
vrf/VFR800_60_8_Gap,Large,800,60,NEH,,47763,0.5399670458864421,2.7735938374144684,run-20260801-151212-1f85,2026-08-01T15:12:12Z
vrf/VFR800_60_9_Gap,Large,800,60,NEH,,47804,0.5362494520377368,2.720357557265031,run-20260801-151213-ab0a,2026-08-01T15:12:13Z
