instance,set,n,m,UB,LB
VFR100_20_1,Large,100,20,6198,5705
VFR100_20_10,Large,100,20,6145,5766
VFR100_20_2,Large,100,20,6306,5836
VFR100_20_3,Large,100,20,6238,5771
VFR100_20_4,Large,100,20,6245,5783
VFR100_20_5,Large,100,20,6296,5876
VFR100_20_6,Large,100,20,6321,5913
VFR100_20_7,Large,100,20,6434,6004
VFR100_20_8,Large,100,20,6104,5694
VFR100_20_9,Large,100,20,6354,5928
VFR100_40_1,Large,100,40,7881,6611
VFR100_40_10,Large,100,40,7952,6774
VFR100_40_2,Large,100,40,8007,6738
VFR100_40_3,Large,100,40,7935,6698
VFR100_40_4,Large,100,40,7932,6715
VFR100_40_5,Large,100,40,8011,6778
VFR100_40_6,Large,100,40,8023,6816
VFR100_40_7,Large,100,40,8006,6793
VFR100_40_8,Large,100,40,7979,6807
VFR100_40_9,Large,100,40,7931,6758
VFR100_60_1,Large,100,60,9395,7502
VFR100_60_10,Large,100,60,9598,7774
VFR100_60_2,Large,100,60,9596,7720
VFR100_60_3,Large,100,60,9349,7523
VFR100_60_4,Large,100,60,9426,7596
VFR100_60_5,Large,100,60,9465,7638
VFR100_60_6,Large,100,60,9667,7809
VFR100_60_7,Large,100,60,9391,7576
VFR100_60_8,Large,100,60,9534,7697
VFR100_60_9,Large,100,60,9527,7706
VFR200_20_1,Large,200,20,11305,10928
VFR200_20_10,Large,200,20,11310,10965
VFR200_20_2,Large,200,20,11265,10898
VFR200_20_3,Large,200,20,11327,10958
VFR200_20_4,Large,200,20,11208,10857
VFR200_20_5,Large,200,20,11208,10861
VFR200_20_6,Large,200,20,11367,10981
VFR200_20_7,Large,200,20,11380,11034
VFR200_20_8,Large,200,20,11141,10783
VFR200_20_9,Large,200,20,11123,10773
VFR200_40_1,Large,200,40,13132,11812
VFR200_40_10,Large,200,40,13228,11921
VFR200_40_2,Large,200,40,13102,11735
VFR200_40_3,Large,200,40,13264,11879
VFR200_40_4,Large,200,40,13232,11862
VFR200_40_5,Large,200,40,13043,11662
VFR200_40_6,Large,200,40,13124,11788
VFR200_40_7,Large,200,40,13299,11926
VFR200_40_8,Large,200,40,13238,11864
VFR200_40_9,Large,200,40,13166,11817
VFR200_60_1,Large,200,60,14990,12824
VFR200_60_10,Large,200,60,15000,12892
VFR200_60_2,Large,200,60,14954,12862
VFR200_60_3,Large,200,60,15200,12996
VFR200_60_4,Large,200,60,15044,12925
VFR200_60_5,Large,200,60,15130,13012
VFR200_60_6,Large,200,60,15035,12952
VFR200_60_7,Large,200,60,15040,12958
VFR200_60_8,Large,200,60,14968,12947
VFR200_60_9,Large,200,60,15022,12878
VFR300_20_1,Large,300,20,16149,15773
VFR300_20_10,Large,300,20,16899,16517
VFR300_20_2,Large,300,20,16512,16123
VFR300_20_3,Large,300,20,16173,15835
VFR300_20_4,Large,300,20,16181,15860
VFR300_20_5,Large,300,20,16342,15987
VFR300_20_6,Large,300,20,16137,15804
VFR300_20_7,Large,300,20,16266,15932
VFR300_20_8,Large,300,20,16416,16093
VFR300_20_9,Large,300,20,16376,16059
VFR300_40_1,Large,300,40,18298,16764
VFR300_40_10,Large,300,40,18401,17007
VFR300_40_2,Large,300,40,18454,17015
VFR300_40_3,Large,300,40,18457,16983
VFR300_40_4,Large,300,40,18351,16914
VFR300_40_5,Large,300,40,18484,17070
VFR300_40_6,Large,300,40,18449,16978
VFR300_40_7,Large,300,40,18419,17049
VFR300_40_8,Large,300,40,18392,16927
VFR300_40_9,Large,300,40,18394,16987
VFR300_60_1,Large,300,60,20522,17876
VFR300_60_10,Large,300,60,20472,17937
VFR300_60_2,Large,300,60,20399,17750
VFR300_60_3,Large,300,60,20434,17894
VFR300_60_4,Large,300,60,20395,17837
VFR300_60_5,Large,300,60,20341,17791
VFR300_60_6,Large,300,60,20388,17814
VFR300_60_7,Large,300,60,20457,17935
VFR300_60_8,Large,300,60,20410,17918
VFR300_60_9,Large,300,60,20549,18000
VFR400_20_1,Large,400,20,21120,20727
VFR400_20_10,Large,400,20,21538,21235
VFR400_20_2,Large,400,20,21457,21092
VFR400_20_3,Large,400,20,21441,21133
VFR400_20_4,Large,400,20,21247,20942
VFR400_20_5,Large,400,20,21553,21203
VFR400_20_6,Large,400,20,21214,20944
VFR400_20_7,Large,400,20,21625,21331
VFR400_20_8,Large,400,20,21277,21029
VFR400_20_9,Large,400,20,21346,21059
VFR400_40_1,Large,400,40,23578,22002
VFR400_40_10,Large,400,40,23720,22257
VFR400_40_2,Large,400,40,23456,21903
VFR400_40_3,Large,400,40,23575,22099
VFR400_40_4,Large,400,40,23409,21897
VFR400_40_5,Large,400,40,23339,21843
VFR400_40_6,Large,400,40,23444,22011
VFR400_40_7,Large,400,40,23556,22078
VFR400_40_8,Large,400,40,23411,21921
VFR400_40_9,Large,400,40,23637,22109
VFR400_60_1,Large,400,60,25607,22867
VFR400_60_10,Large,400,60,25767,23104
VFR400_60_2,Large,400,60,25656,22869
VFR400_60_3,Large,400,60,25821,23079
VFR400_60_4,Large,400,60,25837,23097
VFR400_60_5,Large,400,60,25877,23077
VFR400_60_6,Large,400,60,25536,22802
VFR400_60_7,Large,400,60,25600,22868
VFR400_60_8,Large,400,60,25800,23058
VFR400_60_9,Large,400,60,25882,23108
VFR500_20_1,Large,500,20,26411,26071
VFR500_20_10,Large,500,20,26072,25838
VFR500_20_2,Large,500,20,26681,26358
VFR500_20_3,Large,500,20,26409,26116
VFR500_20_4,Large,500,20,26124,25844
VFR500_20_5,Large,500,20,26781,26505
VFR500_20_6,Large,500,20,26443,26152
VFR500_20_7,Large,500,20,26433,26163
VFR500_20_8,Large,500,20,26318,26062
VFR500_20_9,Large,500,20,26442,26199
VFR500_40_1,Large,500,40,28548,26940
VFR500_40_10,Large,500,40,28758,27225
VFR500_40_2,Large,500,40,28793,27162
VFR500_40_3,Large,500,40,28607,27064
VFR500_40_4,Large,500,40,28828,27231
VFR500_40_5,Large,500,40,28683,27109
VFR500_40_6,Large,500,40,28524,26903
VFR500_40_7,Large,500,40,28760,27162
VFR500_40_8,Large,500,40,28698,27215
VFR500_40_9,Large,500,40,28870,27298
VFR500_60_1,Large,500,60,30861,27846
VFR500_60_10,Large,500,60,31050,28190
VFR500_60_2,Large,500,60,30828,27819
VFR500_60_3,Large,500,60,31125,28045
VFR500_60_4,Large,500,60,30928,28054
VFR500_60_5,Large,500,60,30935,27936
VFR500_60_6,Large,500,60,31027,28091
VFR500_60_7,Large,500,60,30928,27962
VFR500_60_8,Large,500,60,30988,28089
VFR500_60_9,Large,500,60,30978,28098
VFR600_20_1,Large,600,20,31433,31124
VFR600_20_10,Large,600,20,31130,30885
VFR600_20_2,Large,600,20,31418,31124
VFR600_20_3,Large,600,20,31429,31186
VFR600_20_4,Large,600,20,31547,31254
VFR600_20_5,Large,600,20,31448,31204
VFR600_20_6,Large,600,20,31717,31470
VFR600_20_7,Large,600,20,31527,31254
VFR600_20_8,Large,600,20,31564,31299
VFR600_20_9,Large,600,20,31577,31320
VFR600_40_1,Large,600,40,33839,32219
VFR600_40_10,Large,600,40,33642,32235
VFR600_40_2,Large,600,40,33467,31978
VFR600_40_3,Large,600,40,33866,32316
VFR600_40_4,Large,600,40,33693,32162
VFR600_40_5,Large,600,40,33553,32071
VFR600_40_6,Large,600,40,33809,32290
VFR600_40_7,Large,600,40,33686,32203
VFR600_40_8,Large,600,40,33482,32039
VFR600_40_9,Large,600,40,33697,32228
VFR600_60_1,Large,600,60,36198,33093
VFR600_60_10,Large,600,60,36163,33177
VFR600_60_2,Large,600,60,36184,33108
VFR600_60_3,Large,600,60,36201,33159
VFR600_60_4,Large,600,60,36136,33225
VFR600_60_5,Large,600,60,36153,33093
VFR600_60_6,Large,600,60,36116,33093
VFR600_60_7,Large,600,60,36179,33215
VFR600_60_8,Large,600,60,36185,33206
VFR600_60_9,Large,600,60,36195,33273
VFR700_20_1,Large,700,20,36394,36078
VFR700_20_10,Large,700,20,36417,36282
VFR700_20_2,Large,700,20,36337,36032
VFR700_20_3,Large,700,20,36568,36287
VFR700_20_4,Large,700,20,36452,36188
VFR700_20_5,Large,700,20,36584,36380
VFR700_20_6,Large,700,20,36671,36376
VFR700_20_7,Large,700,20,36624,36381
VFR700_20_8,Large,700,20,36522,36287
VFR700_20_9,Large,700,20,36329,36091
VFR700_40_1,Large,700,40,38964,37286
VFR700_40_10,Large,700,40,38850,37419
VFR700_40_2,Large,700,40,38775,37211
VFR700_40_3,Large,700,40,38621,37080
VFR700_40_4,Large,700,40,38785,37232
VFR700_40_5,Large,700,40,38671,37125
VFR700_40_6,Large,700,40,38710,37186
VFR700_40_7,Large,700,40,38585,36959
VFR700_40_8,Large,700,40,39059,37508
VFR700_40_9,Large,700,40,38814,37261
VFR700_60_1,Large,700,60,41436,38230
VFR700_60_10,Large,700,60,41377,38368
VFR700_60_2,Large,700,60,41375,38173
VFR700_60_3,Large,700,60,41317,38127
VFR700_60_4,Large,700,60,41401,38287
VFR700_60_5,Large,700,60,41262,38212
VFR700_60_6,Large,700,60,41340,38305
VFR700_60_7,Large,700,60,40876,37882
VFR700_60_8,Large,700,60,41474,38427
VFR700_60_9,Large,700,60,41291,38212
VFR800_20_1,Large,800,20,41558,41256
VFR800_20_10,Large,800,20,41574,41331
VFR800_20_2,Large,800,20,41407,41145
VFR800_20_3,Large,800,20,41425,41159
VFR800_20_4,Large,800,20,41426,41157
VFR800_20_5,Large,800,20,41710,41457
VFR800_20_6,Large,800,20,42010,41795
VFR800_20_7,Large,800,20,41425,41138
VFR800_20_8,Large,800,20,41492,41241
VFR800_20_9,Large,800,20,41796,41517
VFR800_40_1,Large,800,40,43671,42144
VFR800_40_10,Large,800,40,43861,42335
VFR800_40_2,Large,800,40,43746,42197
VFR800_40_3,Large,800,40,43749,42180
VFR800_40_4,Large,800,40,43892,42360
VFR800_40_5,Large,800,40,43905,42473
VFR800_40_6,Large,800,40,43811,42258
VFR800_40_7,Large,800,40,43766,42242
VFR800_40_8,Large,800,40,43839,42362
VFR800_40_9,Large,800,40,43879,42341
VFR800_60_1,Large,800,60,46470,43230
VFR800_60_10,Large,800,60,46244,43236
VFR800_60_2,Large,800,60,46493,43189
VFR800_60_3,Large,800,60,46389,43271
VFR800_60_4,Large,800,60,46457,43274
VFR800_60_5,Large,800,60,46401,43319
VFR800_60_6,Large,800,60,46421,43210
VFR800_60_7,Large,800,60,46319,43207
VFR800_60_8,Large,800,60,46474,43358
VFR800_60_9,Large,800,60,46538,43406
VFR10_10_1,Small,10,10,1097,797
VFR10_10_10,Small,10,10,1099,832
VFR10_10_2,Small,10,10,1146,845
VFR10_10_3,Small,10,10,1124,831
VFR10_10_4,Small,10,10,1038,769
VFR10_10_5,Small,10,10,1093,817
VFR10_10_6,Small,10,10,1085,812
VFR10_10_7,Small,10,10,1115,839
VFR10_10_8,Small,10,10,1113,840
VFR10_10_9,Small,10,10,1045,789
VFR10_15_1,Small,10,15,1307,921
VFR10_15_10,Small,10,15,1461,1085
VFR10_15_2,Small,10,15,1399,988
VFR10_15_3,Small,10,15,1398,996
VFR10_15_4,Small,10,15,1452,1041
VFR10_15_5,Small,10,15,1373,992
VFR10_15_6,Small,10,15,1329,964
VFR10_15_7,Small,10,15,1445,1049
VFR10_15_8,Small,10,15,1443,1048
VFR10_15_9,Small,10,15,1428,1058
VFR10_20_1,Small,10,20,1652,1191
VFR10_20_10,Small,10,20,1663,1248
VFR10_20_2,Small,10,20,1759,1273
VFR10_20_3,Small,10,20,1726,1254
VFR10_20_4,Small,10,20,1678,1236
VFR10_20_5,Small,10,20,1700,1259
VFR10_20_6,Small,10,20,1889,1400
VFR10_20_7,Small,10,20,1678,1251
VFR10_20_8,Small,10,20,1655,1235
VFR10_20_9,Small,10,20,1706,1280
VFR10_5_1,Small,10,5,695,523
VFR10_5_10,Small,10,5,664,554
VFR10_5_2,Small,10,5,698,556
VFR10_5_3,Small,10,5,728,588
VFR10_5_4,Small,10,5,697,565
VFR10_5_5,Small,10,5,713,578
VFR10_5_6,Small,10,5,748,617
VFR10_5_7,Small,10,5,728,602
VFR10_5_8,Small,10,5,683,568
VFR10_5_9,Small,10,5,761,633
VFR20_10_1,Small,20,10,1532,1290
VFR20_10_10,Small,20,10,1489,1279
VFR20_10_2,Small,20,10,1525,1292
VFR20_10_3,Small,20,10,1592,1352
VFR20_10_4,Small,20,10,1442,1226
VFR20_10_5,Small,20,10,1604,1371
VFR20_10_6,Small,20,10,1576,1348
VFR20_10_7,Small,20,10,1591,1363
VFR20_10_8,Small,20,10,1574,1353
VFR20_10_9,Small,20,10,1530,1312
VFR20_15_1,Small,20,15,1936,1525
VFR20_15_10,Small,20,15,1861,1511
VFR20_15_2,Small,20,15,1905,1526
VFR20_15_3,Small,20,15,1798,1453
VFR20_15_4,Small,20,15,1813,1466
VFR20_15_5,Small,20,15,1875,1517
VFR20_15_6,Small,20,15,1960,1587
VFR20_15_7,Small,20,15,1933,1566
VFR20_15_8,Small,20,15,1822,1477
VFR20_15_9,Small,20,15,1940,1575
VFR20_20_1,Small,20,20,2270,1741
VFR20_20_10,Small,20,20,2199,1732
VFR20_20_2,Small,20,20,2170,1682
VFR20_20_3,Small,20,20,2277,1772
VFR20_20_4,Small,20,20,2165,1685
VFR20_20_5,Small,20,20,2225,1736
VFR20_20_6,Small,20,20,2291,1790
VFR20_20_7,Small,20,20,2282,1785
VFR20_20_8,Small,20,20,2178,1707
VFR20_20_9,Small,20,20,2354,1851
VFR20_5_1,Small,20,5,1192,1095
VFR20_5_10,Small,20,5,1243,1164
VFR20_5_2,Small,20,5,1275,1173
VFR20_5_3,Small,20,5,1323,1224
VFR20_5_4,Small,20,5,1127,1047
VFR20_5_5,Small,20,5,1339,1244
VFR20_5_6,Small,20,5,1066,994
VFR20_5_7,Small,20,5,1154,1078
VFR20_5_8,Small,20,5,1102,1030
VFR20_5_9,Small,20,5,1317,1231
VFR30_10_1,Small,30,10,1944,1721
VFR30_10_10,Small,30,10,1915,1722
VFR30_10_2,Small,30,10,2098,1860
VFR30_10_3,Small,30,10,2077,1857
VFR30_10_4,Small,30,10,1945,1747
VFR30_10_5,Small,30,10,2023,1818
VFR30_10_6,Small,30,10,2043,1830
VFR30_10_7,Small,30,10,1967,1767
VFR30_10_8,Small,30,10,1896,1701
VFR30_10_9,Small,30,10,1908,1712
VFR30_15_1,Small,30,15,2381,1999
VFR30_15_10,Small,30,15,2385,2047
VFR30_15_2,Small,30,15,2318,1952
VFR30_15_3,Small,30,15,2304,1950
VFR30_15_4,Small,30,15,2444,2079
VFR30_15_5,Small,30,15,2423,2062
VFR30_15_6,Small,30,15,2306,1968
VFR30_15_7,Small,30,15,2316,1978
VFR30_15_8,Small,30,15,2366,2019
VFR30_15_9,Small,30,15,2259,1929
VFR30_20_1,Small,30,20,2643,2119
VFR30_20_10,Small,30,20,2805,2329
VFR30_20_2,Small,30,20,2835,2284
VFR30_20_3,Small,30,20,2783,2265
VFR30_20_4,Small,30,20,2680,2213
VFR30_20_5,Small,30,20,2672,2205
VFR30_20_6,Small,30,20,2715,2245
VFR30_20_7,Small,30,20,2712,2244
VFR30_20_8,Small,30,20,2812,2328
VFR30_20_9,Small,30,20,2795,2318
VFR30_5_1,Small,30,5,1805,1727
VFR30_5_10,Small,30,5,1637,1582
VFR30_5_2,Small,30,5,1575,1510
VFR30_5_3,Small,30,5,1673,1608
VFR30_5_4,Small,30,5,1781,1716
VFR30_5_5,Small,30,5,1707,1645
VFR30_5_6,Small,30,5,1875,1807
VFR30_5_7,Small,30,5,1749,1686
VFR30_5_8,Small,30,5,1706,1646
VFR30_5_9,Small,30,5,1735,1674
VFR40_10_1,Small,40,10,2480,2258
VFR40_10_10,Small,40,10,2478,2337
VFR40_10_2,Small,40,10,2444,2237
VFR40_10_3,Small,40,10,2412,2244
VFR40_10_4,Small,40,10,2472,2313
VFR40_10_5,Small,40,10,2425,2276
VFR40_10_6,Small,40,10,2547,2387
VFR40_10_7,Small,40,10,2501,2344
VFR40_10_8,Small,40,10,2491,2338
VFR40_10_9,Small,40,10,2411,2275
VFR40_15_1,Small,40,15,3011,2624
VFR40_15_10,Small,40,15,2945,2625
VFR40_15_2,Small,40,15,2821,2491
VFR40_15_3,Small,40,15,2906,2572
VFR40_15_4,Small,40,15,2919,2576
VFR40_15_5,Small,40,15,2945,2615
VFR40_15_6,Small,40,15,2805,2494
VFR40_15_7,Small,40,15,2868,2555
VFR40_15_8,Small,40,15,2900,2578
VFR40_15_9,Small,40,15,2708,2407
VFR40_20_1,Small,40,20,3326,2770
VFR40_20_10,Small,40,20,3122,2653
VFR40_20_2,Small,40,20,3226,2697
VFR40_20_3,Small,40,20,3233,2713
VFR40_20_4,Small,40,20,3233,2724
VFR40_20_5,Small,40,20,3055,2571
VFR40_20_6,Small,40,20,3192,2699
VFR40_20_7,Small,40,20,3244,2749
VFR40_20_8,Small,40,20,3266,2764
VFR40_20_9,Small,40,20,3335,2834
VFR40_5_1,Small,40,5,2396,2292
VFR40_5_10,Small,40,5,2348,2289
VFR40_5_2,Small,40,5,2442,2351
VFR40_5_3,Small,40,5,2174,2106
VFR40_5_4,Small,40,5,2149,2082
VFR40_5_5,Small,40,5,2247,2179
VFR40_5_6,Small,40,5,2154,2091
VFR40_5_7,Small,40,5,2207,2143
VFR40_5_8,Small,40,5,2414,2350
VFR40_5_9,Small,40,5,2305,2247
VFR50_10_1,Small,50,10,2926,2746
VFR50_10_10,Small,50,10,3056,2906
VFR50_10_2,Small,50,10,3035,2841
VFR50_10_3,Small,50,10,3019,2836
VFR50_10_4,Small,50,10,3003,2838
VFR50_10_5,Small,50,10,3252,3070
VFR50_10_6,Small,50,10,3149,2973
VFR50_10_7,Small,50,10,2842,2722
VFR50_10_8,Small,50,10,3072,2932
VFR50_10_9,Small,50,10,3022,2858
VFR50_15_1,Small,50,15,3316,2988
VFR50_15_10,Small,50,15,3399,3104
VFR50_15_2,Small,50,15,3347,3037
VFR50_15_3,Small,50,15,3301,2998
VFR50_15_4,Small,50,15,3521,3192
VFR50_15_5,Small,50,15,3334,3039
VFR50_15_6,Small,50,15,3346,3042
VFR50_15_7,Small,50,15,3490,3181
VFR50_15_8,Small,50,15,3430,3135
VFR50_15_9,Small,50,15,3205,2928
VFR50_20_1,Small,50,20,3693,3164
VFR50_20_10,Small,50,20,3769,3301
VFR50_20_2,Small,50,20,3719,3224
VFR50_20_3,Small,50,20,3784,3284
VFR50_20_4,Small,50,20,3709,3231
VFR50_20_5,Small,50,20,3632,3157
VFR50_20_6,Small,50,20,3795,3295
VFR50_20_7,Small,50,20,3696,3219
VFR50_20_8,Small,50,20,3783,3295
VFR50_20_9,Small,50,20,3816,3337
VFR50_5_1,Small,50,5,3055,2970
VFR50_5_10,Small,50,5,2834,2781
VFR50_5_2,Small,50,5,2853,2784
VFR50_5_3,Small,50,5,2746,2682
VFR50_5_4,Small,50,5,2836,2773
VFR50_5_5,Small,50,5,2866,2806
VFR50_5_6,Small,50,5,2841,2782
VFR50_5_7,Small,50,5,2600,2548
VFR50_5_8,Small,50,5,2684,2631
VFR50_5_9,Small,50,5,2621,2570
VFR60_10_1,Small,60,10,3435,3256
VFR60_10_10,Small,60,10,3492,3346
VFR60_10_2,Small,60,10,3655,3489
VFR60_10_3,Small,60,10,3423,3261
VFR60_10_4,Small,60,10,3455,3305
VFR60_10_5,Small,60,10,3505,3359
VFR60_10_6,Small,60,10,3594,3448
VFR60_10_7,Small,60,10,3654,3501
VFR60_10_8,Small,60,10,3552,3402
VFR60_10_9,Small,60,10,3685,3529
VFR60_15_1,Small,60,15,3940,3623
VFR60_15_10,Small,60,15,3902,3610
VFR60_15_2,Small,60,15,3888,3582
VFR60_15_3,Small,60,15,3880,3590
VFR60_15_4,Small,60,15,3716,3413
VFR60_15_5,Small,60,15,3881,3611
VFR60_15_6,Small,60,15,3893,3598
VFR60_15_7,Small,60,15,3809,3529
VFR60_15_8,Small,60,15,3749,3456
VFR60_15_9,Small,60,15,3800,3512
VFR60_20_1,Small,60,20,4163,3689
VFR60_20_10,Small,60,20,4202,3779
VFR60_20_2,Small,60,20,4290,3804
VFR60_20_3,Small,60,20,4365,3870
VFR60_20_4,Small,60,20,4193,3731
VFR60_20_5,Small,60,20,4196,3747
VFR60_20_6,Small,60,20,4202,3764
VFR60_20_7,Small,60,20,4263,3818
VFR60_20_8,Small,60,20,4180,3758
VFR60_20_9,Small,60,20,4221,3764
VFR60_5_1,Small,60,5,3350,3276
VFR60_5_10,Small,60,5,3663,3608
VFR60_5_2,Small,60,5,3054,2990
VFR60_5_3,Small,60,5,3214,3147
VFR60_5_4,Small,60,5,3266,3202
VFR60_5_5,Small,60,5,3197,3139
VFR60_5_6,Small,60,5,3107,3058
VFR60_5_7,Small,60,5,3315,3263
VFR60_5_8,Small,60,5,3438,3386
VFR60_5_9,Small,60,5,3121,3074
