instance_id,instance_set,n,m,operator,seed,budget,makespan,runtime_total_s,t_destruction_s,t_reconstruction_s,t_local_search_s,t_other_s,share_local_search,ls_invocations,ls_passes_total,ls_passes_initial,ls_passes_loop,passes_per_iteration,best_insertion_calls,passes_invariant_ok
taillard/tai100_10_0,,100,10,random,42,500,5771,6.512406,0.005486,0.126793,6.369367,0.01076,0.978036,501,1008,2,1006,2.012,100800,True
taillard/tai100_10_0,,100,10,random,123,500,5770,6.50928,0.005531,0.125849,6.371063,0.006836,0.978766,501,1014,3,1011,2.022,101400,True
taillard/tai100_10_0,,100,10,random,456,500,5778,6.515118,0.005495,0.12634,6.376499,0.006784,0.978724,501,1011,3,1008,2.016,101100,True
taillard/tai100_10_0,,100,10,idle-rcl,42,500,5770,6.086616,0.027585,0.127427,5.92481,0.006794,0.973416,501,936,2,934,1.868,93600,True
taillard/tai100_10_0,,100,10,idle-rcl,123,500,5785,6.413905,0.027576,0.126523,6.252944,0.006862,0.974904,501,993,3,990,1.98,99300,True
taillard/tai100_10_0,,100,10,idle-rcl,456,500,5781,6.154589,0.027417,0.127096,5.993196,0.00688,0.973777,501,949,3,946,1.892,94900,True
taillard/tai100_20_0,,100,20,random,42,500,6318,14.230552,0.005672,0.234873,13.978009,0.011998,0.982253,501,1188,3,1185,2.37,118800,True
taillard/tai100_20_0,,100,20,random,123,500,6329,14.231458,0.005736,0.234815,13.978879,0.012028,0.982252,501,1188,6,1182,2.364,118800,True
taillard/tai100_20_0,,100,20,random,456,500,6310,13.917618,0.005666,0.235062,13.664941,0.01195,0.981845,501,1161,2,1159,2.318,116100,True
taillard/tai100_20_0,,100,20,idle-rcl,42,500,6315,13.112483,0.039658,0.235428,12.825297,0.0121,0.978098,501,1089,3,1086,2.172,108900,True
taillard/tai100_20_0,,100,20,idle-rcl,123,500,6282,13.026028,0.039432,0.235841,12.738701,0.012054,0.977942,501,1081,6,1075,2.15,108100,True
taillard/tai100_20_0,,100,20,idle-rcl,456,500,6317,13.837987,0.039424,0.23554,13.55094,0.012082,0.979257,501,1152,2,1150,2.3,115200,True
taillard/tai100_5_0,,100,5,random,42,500,5493,2.53483,0.005275,0.070954,2.454519,0.004083,0.968317,501,693,1,692,1.384,69300,True
taillard/tai100_5_0,,100,5,random,123,500,5493,2.490959,0.005283,0.070747,2.410842,0.004087,0.967837,501,682,1,681,1.362,68200,True
taillard/tai100_5_0,,100,5,random,456,500,5493,2.509957,0.005261,0.070385,2.430153,0.004158,0.968205,501,690,1,689,1.378,69000,True
taillard/tai100_5_0,,100,5,idle-rcl,42,500,5493,2.470598,0.020368,0.070844,2.375235,0.00415,0.961401,501,675,1,674,1.348,67500,True
taillard/tai100_5_0,,100,5,idle-rcl,123,500,5493,2.632501,0.020559,0.071018,2.536819,0.004104,0.963654,501,719,1,718,1.436,71900,True
taillard/tai100_5_0,,100,5,idle-rcl,456,500,5493,2.511402,0.020433,0.071209,2.41564,0.00412,0.961869,501,684,1,683,1.366,68400,True
taillard/tai200_10_0,,200,10,random,42,500,10872,13.015649,0.007622,0.164258,12.829484,0.014285,0.985697,501,787,1,786,1.572,157400,True
taillard/tai200_10_0,,200,10,random,123,500,10885,13.616515,0.00769,0.164632,13.429884,0.01431,0.986294,501,823,1,822,1.644,164600,True
taillard/tai200_10_0,,200,10,random,456,500,10872,14.174205,0.007627,0.16326,13.989053,0.014265,0.986937,501,863,1,862,1.724,172600,True
taillard/tai200_10_0,,200,10,idle-rcl,42,500,10872,13.742083,0.037457,0.1609,13.529469,0.014257,0.984528,501,845,1,844,1.688,169000,True
taillard/tai200_10_0,,200,10,idle-rcl,123,500,10872,13.340443,0.037794,0.162079,13.126438,0.014132,0.983958,501,820,1,819,1.638,164000,True
taillard/tai200_10_0,,200,10,idle-rcl,456,500,10872,13.551934,0.03725,0.160645,13.339869,0.014169,0.984352,501,830,1,829,1.658,166000,True
taillard/tai200_20_0,,200,20,random,42,500,11370,32.516405,0.007999,0.300191,32.182472,0.025744,0.98973,501,1078,3,1075,2.15,215600,True
taillard/tai200_20_0,,200,20,random,123,500,11375,33.551632,0.007963,0.298144,33.21976,0.025766,0.990109,501,1107,2,1105,2.21,221400,True
taillard/tai200_20_0,,200,20,random,456,500,11370,33.918181,0.008033,0.30157,33.582621,0.025957,0.990107,501,1114,3,1111,2.222,222800,True
taillard/tai200_20_0,,200,20,idle-rcl,42,500,11362,32.373023,0.05427,0.297591,31.995377,0.025785,0.988335,501,1072,3,1069,2.138,214400,True
taillard/tai200_20_0,,200,20,idle-rcl,123,500,11327,32.153718,0.054487,0.299961,31.773431,0.02584,0.988173,501,1063,2,1061,2.122,212600,True
taillard/tai200_20_0,,200,20,idle-rcl,456,500,11345,32.167074,0.054037,0.2989,31.788374,0.025763,0.988227,501,1067,3,1064,2.128,213400,True
taillard/tai20_10_0,,20,10,random,42,500,1582,1.095927,0.00422,0.110654,0.978986,0.002067,0.893295,501,894,5,889,1.778,17880,True
taillard/tai20_10_0,,20,10,random,123,500,1582,1.099856,0.004211,0.109811,0.983823,0.002011,0.894502,501,900,3,897,1.794,18000,True
taillard/tai20_10_0,,20,10,random,456,500,1583,1.093815,0.004198,0.109568,0.978016,0.002034,0.894132,501,896,3,893,1.786,17920,True
taillard/tai20_10_0,,20,10,idle-rcl,42,500,1582,1.081212,0.021447,0.109842,0.947947,0.001975,0.876745,501,866,5,861,1.722,17320,True
taillard/tai20_10_0,,20,10,idle-rcl,123,500,1591,0.873517,0.021316,0.109877,0.740374,0.00195,0.847579,501,675,3,672,1.344,13500,True
taillard/tai20_10_0,,20,10,idle-rcl,456,500,1586,1.201633,0.021435,0.109394,1.068635,0.002169,0.889319,501,986,3,983,1.966,19720,True
taillard/tai20_20_0,,20,20,random,42,500,2297,2.136794,0.004218,0.204145,1.925438,0.002993,0.901087,501,939,2,937,1.874,18780,True
taillard/tai20_20_0,,20,20,random,123,500,2304,2.233239,0.004211,0.204253,2.021832,0.002942,0.905336,501,988,2,986,1.972,19760,True
taillard/tai20_20_0,,20,20,random,456,500,2301,2.13924,0.004231,0.204767,1.927149,0.003093,0.900857,501,942,5,937,1.874,18840,True
taillard/tai20_20_0,,20,20,idle-rcl,42,500,2315,1.679727,0.031483,0.204604,1.440805,0.002835,0.857761,501,700,2,698,1.396,14000,True
taillard/tai20_20_0,,20,20,idle-rcl,123,500,2320,1.946474,0.031679,0.204518,1.707382,0.002895,0.877167,501,832,2,830,1.66,16640,True
taillard/tai20_20_0,,20,20,idle-rcl,456,500,2306,1.863373,0.031518,0.204025,1.62484,0.002991,0.871988,501,794,5,789,1.578,15880,True
taillard/tai20_5_0,,20,5,random,42,500,1278,0.575814,0.00416,0.060499,0.509604,0.001552,0.885014,501,850,1,849,1.698,17000,True
taillard/tai20_5_0,,20,5,random,123,500,1278,0.569418,0.004135,0.060912,0.502861,0.001511,0.883113,501,839,1,838,1.676,16780,True
taillard/tai20_5_0,,20,5,random,456,500,1278,0.564591,0.004162,0.060653,0.498235,0.001541,0.882471,501,831,1,830,1.66,16620,True
taillard/tai20_5_0,,20,5,idle-rcl,42,500,1278,0.46832,0.015977,0.06058,0.390289,0.001475,0.83338,501,647,1,646,1.292,12940,True
taillard/tai20_5_0,,20,5,idle-rcl,123,500,1278,0.455675,0.015967,0.06076,0.377437,0.001511,0.828303,501,625,1,624,1.248,12500,True
taillard/tai20_5_0,,20,5,idle-rcl,456,500,1278,0.467153,0.015969,0.060593,0.389136,0.001456,0.832995,501,645,1,644,1.288,12900,True
taillard/tai500_20_0,,500,20,random,42,500,26198,161.365439,0.015041,0.574538,160.685781,0.090079,0.995788,501,1115,3,1112,2.224,557500,True
taillard/tai500_20_0,,500,20,random,123,500,26240,157.610446,0.015102,0.549847,156.957369,0.088129,0.995856,501,1137,3,1134,2.268,568500,True
taillard/tai500_20_0,,500,20,random,456,500,26204,125.935262,0.014235,0.434282,125.406147,0.080597,0.995799,501,1147,4,1143,2.286,573500,True
taillard/tai500_20_0,,500,20,idle-rcl,42,500,26199,160.396062,0.103331,0.577712,159.625002,0.090017,0.995193,501,1110,3,1107,2.214,555000,True
taillard/tai500_20_0,,500,20,idle-rcl,123,500,26202,151.444213,0.094547,0.545909,150.718197,0.085561,0.995206,501,1095,3,1092,2.184,547500,True
taillard/tai500_20_0,,500,20,idle-rcl,456,500,26189,159.58013,0.103054,0.576797,158.808829,0.09145,0.995167,501,1106,4,1102,2.204,553000,True
taillard/tai50_10_0,,50,10,random,42,500,3025,3.183461,0.004681,0.115279,3.059658,0.003842,0.961111,501,1076,3,1073,2.146,53800,True
taillard/tai50_10_0,,50,10,random,123,500,3025,3.379881,0.004657,0.114808,3.256591,0.003826,0.963522,501,1147,2,1145,2.29,57350,True
taillard/tai50_10_0,,50,10,random,456,500,3025,3.133044,0.004668,0.115132,3.009441,0.003803,0.960549,501,1059,3,1056,2.112,52950,True
taillard/tai50_10_0,,50,10,idle-rcl,42,500,3025,2.849001,0.023637,0.115193,2.706417,0.003754,0.949953,501,952,3,949,1.898,47600,True
taillard/tai50_10_0,,50,10,idle-rcl,123,500,3025,2.811742,0.023645,0.115379,2.668997,0.003721,0.949233,501,938,2,936,1.872,46900,True
taillard/tai50_10_0,,50,10,idle-rcl,456,500,3025,2.658824,0.023536,0.11517,2.516402,0.003716,0.946434,501,886,3,883,1.766,44300,True
taillard/tai50_20_0,,50,20,random,42,500,3905,6.211008,0.004745,0.214234,5.985744,0.006285,0.963731,501,1123,3,1120,2.24,56150,True
taillard/tai50_20_0,,50,20,random,123,500,3905,6.420009,0.004689,0.213506,6.195593,0.006221,0.965044,501,1165,3,1162,2.324,58250,True
taillard/tai50_20_0,,50,20,random,456,500,3893,6.091374,0.004731,0.213986,5.866404,0.006253,0.963067,501,1101,4,1097,2.194,55050,True
taillard/tai50_20_0,,50,20,idle-rcl,42,500,3895,5.946978,0.034691,0.213797,5.692273,0.006218,0.957171,501,1071,3,1068,2.136,53550,True
taillard/tai50_20_0,,50,20,idle-rcl,123,500,3909,5.626548,0.034715,0.21473,5.370914,0.006189,0.954566,501,1007,3,1004,2.008,50350,True
taillard/tai50_20_0,,50,20,idle-rcl,456,500,3896,5.803098,0.03456,0.214104,5.548229,0.006205,0.956081,501,1042,4,1038,2.076,52100,True
taillard/tai50_5_0,,50,5,random,42,500,2724,1.234007,0.004549,0.066,1.160994,0.002464,0.940833,501,727,2,725,1.45,36350,True
taillard/tai50_5_0,,50,5,random,123,500,2724,1.295787,0.004533,0.064969,1.223892,0.002392,0.944516,501,767,2,765,1.53,38350,True
taillard/tai50_5_0,,50,5,random,456,500,2724,1.267469,0.004561,0.065871,1.194656,0.002381,0.942552,501,748,2,746,1.492,37400,True
taillard/tai50_5_0,,50,5,idle-rcl,42,500,2724,1.378189,0.017955,0.065261,1.292549,0.002424,0.93786,501,811,2,809,1.618,40550,True
taillard/tai50_5_0,,50,5,idle-rcl,123,500,2724,1.337641,0.017946,0.065299,1.252001,0.002395,0.935977,501,785,2,783,1.566,39250,True
taillard/tai50_5_0,,50,5,idle-rcl,456,500,2724,1.318973,0.017856,0.065082,1.233628,0.002407,0.935294,501,775,2,773,1.546,38750,True
vrf/VFR100_20_10_Gap,Large,100,20,random,42,500,6202,13.893464,0.005691,0.235619,13.640124,0.01203,0.981766,501,1157,2,1155,2.31,115700,True
vrf/VFR100_20_10_Gap,Large,100,20,random,123,500,6247,14.50811,0.005629,0.235608,14.254842,0.012031,0.982543,501,1210,3,1207,2.414,121000,True
vrf/VFR100_20_10_Gap,Large,100,20,random,456,500,6225,14.336442,0.005671,0.235623,14.083102,0.012047,0.982329,501,1195,5,1190,2.38,119500,True
vrf/VFR100_20_10_Gap,Large,100,20,idle-rcl,42,500,6225,12.344751,0.039602,0.236298,12.056887,0.011964,0.976681,501,1024,2,1022,2.044,102400,True
vrf/VFR100_20_10_Gap,Large,100,20,idle-rcl,123,500,6241,13.29018,0.039716,0.23658,13.001899,0.011986,0.978309,501,1103,3,1100,2.2,110300,True
vrf/VFR100_20_10_Gap,Large,100,20,idle-rcl,456,500,6221,13.41461,0.039541,0.236429,13.12662,0.01202,0.978532,501,1114,5,1109,2.218,111400,True
vrf/VFR100_40_10_Gap,Large,100,40,random,42,500,8099,24.148524,0.005897,0.452219,23.668451,0.021957,0.98012,501,1044,7,1037,2.074,104400,True
vrf/VFR100_40_10_Gap,Large,100,40,random,123,500,8059,24.501798,0.005828,0.451181,24.022786,0.022004,0.98045,501,1062,5,1057,2.114,106200,True
vrf/VFR100_40_10_Gap,Large,100,40,random,456,500,8108,25.525767,0.005774,0.450225,25.047752,0.022015,0.981273,501,1109,2,1107,2.214,110900,True
vrf/VFR100_40_10_Gap,Large,100,40,idle-rcl,42,500,8064,21.74921,0.063267,0.452475,21.211568,0.0219,0.97528,501,936,7,929,1.858,93600,True
vrf/VFR100_40_10_Gap,Large,100,40,idle-rcl,123,500,8112,22.099918,0.063333,0.453412,21.56106,0.022113,0.975617,501,950,5,945,1.89,95000,True
vrf/VFR100_40_10_Gap,Large,100,40,idle-rcl,456,500,8119,24.403367,0.063326,0.452238,23.865811,0.021992,0.977972,501,1054,2,1052,2.104,105400,True
vrf/VFR100_60_10_Gap,Large,100,60,random,42,500,9731,36.975533,0.006021,0.667966,36.269337,0.03221,0.980901,501,1083,3,1080,2.16,108300,True
vrf/VFR100_60_10_Gap,Large,100,60,random,123,500,9740,34.905787,0.005887,0.667266,34.200661,0.031974,0.979799,501,1020,4,1016,2.032,102000,True
vrf/VFR100_60_10_Gap,Large,100,60,random,456,500,9727,36.094676,0.005951,0.66784,35.388877,0.032008,0.980446,501,1056,8,1048,2.096,105600,True
vrf/VFR100_60_10_Gap,Large,100,60,idle-rcl,42,500,9785,31.97637,0.087145,0.671027,31.18614,0.032059,0.975287,501,926,3,923,1.846,92600,True
vrf/VFR100_60_10_Gap,Large,100,60,idle-rcl,123,500,9710,34.830918,0.087289,0.671632,34.039737,0.03226,0.977285,501,1013,4,1009,2.018,101300,True
vrf/VFR100_60_10_Gap,Large,100,60,idle-rcl,456,500,9734,36.316326,0.087492,0.670546,35.526139,0.032149,0.978242,501,1056,8,1048,2.096,105600,True
vrf/VFR200_20_10_Gap,Large,200,20,random,42,500,11451,34.841834,0.007977,0.297955,34.509804,0.026099,0.99047,501,1158,7,1151,2.302,231600,True
vrf/VFR200_20_10_Gap,Large,200,20,random,123,500,11496,34.769972,0.008009,0.299083,34.436939,0.025941,0.990422,501,1151,9,1142,2.284,230200,True
vrf/VFR200_20_10_Gap,Large,200,20,random,456,500,11491,36.759739,0.008136,0.299376,36.426141,0.026087,0.990925,501,1215,5,1210,2.42,243000,True
vrf/VFR200_20_10_Gap,Large,200,20,idle-rcl,42,500,11430,33.130199,0.054659,0.301969,32.74761,0.025961,0.988452,501,1089,7,1082,2.164,217800,True
vrf/VFR200_20_10_Gap,Large,200,20,idle-rcl,123,500,11416,33.968635,0.055108,0.302319,33.585108,0.026099,0.988709,501,1118,9,1109,2.218,223600,True
vrf/VFR200_20_10_Gap,Large,200,20,idle-rcl,456,500,11418,32.626029,0.054496,0.302189,32.243414,0.025929,0.988273,501,1073,5,1068,2.136,214600,True
vrf/VFR200_40_10_Gap,Large,200,40,random,42,500,13391,70.884479,0.008503,0.579765,70.247208,0.049003,0.99101,501,1212,5,1207,2.414,242400,True
vrf/VFR200_40_10_Gap,Large,200,40,random,123,500,13353,68.149484,0.008482,0.578342,67.513983,0.048676,0.990675,501,1167,5,1162,2.324,233400,True
vrf/VFR200_40_10_Gap,Large,200,40,random,456,500,13376,68.36157,0.008568,0.577623,67.726405,0.048974,0.990709,501,1171,5,1166,2.332,234200,True
vrf/VFR200_40_10_Gap,Large,200,40,idle-rcl,42,500,13363,66.707301,0.086314,0.580432,65.991824,0.048731,0.989274,501,1140,5,1135,2.27,228000,True
vrf/VFR200_40_10_Gap,Large,200,40,idle-rcl,123,500,13375,67.550291,0.08618,0.579439,66.835595,0.049076,0.98942,501,1154,5,1149,2.298,230800,True
vrf/VFR200_40_10_Gap,Large,200,40,idle-rcl,456,500,13402,66.331628,0.085872,0.578695,65.618113,0.048947,0.989243,501,1136,5,1131,2.262,227200,True
vrf/VFR200_60_10_Gap,Large,200,60,random,42,500,15172,99.387351,0.008764,0.855305,98.45154,0.071742,0.990584,501,1150,3,1147,2.294,230000,True
vrf/VFR200_60_10_Gap,Large,200,60,random,123,500,15191,109.637524,0.009925,0.979763,108.573162,0.074674,0.990292,501,1109,6,1103,2.206,221800,True
vrf/VFR200_60_10_Gap,Large,200,60,random,456,500,15234,114.200243,0.009944,0.949469,113.16745,0.073381,0.990956,501,1191,5,1186,2.372,238200,True
vrf/VFR200_60_10_Gap,Large,200,60,idle-rcl,42,500,15214,111.469461,0.124286,0.975231,110.295958,0.073985,0.989472,501,1129,3,1126,2.252,225800,True
vrf/VFR200_60_10_Gap,Large,200,60,idle-rcl,123,500,15194,105.916623,0.120725,0.95059,104.7723,0.073009,0.989196,501,1112,6,1106,2.212,222400,True
vrf/VFR200_60_10_Gap,Large,200,60,idle-rcl,456,500,15187,113.54851,0.125032,0.975011,112.374404,0.074062,0.98966,501,1155,5,1150,2.3,231000,True
vrf/VFR300_20_10_Gap,Large,300,20,random,42,500,16905,52.056112,0.010319,0.337812,51.665799,0.042182,0.992502,501,1015,4,1011,2.022,304500,True
vrf/VFR300_20_10_Gap,Large,300,20,random,123,500,16905,52.459141,0.010282,0.337465,52.069157,0.042237,0.992566,501,1025,4,1021,2.042,307500,True
vrf/VFR300_20_10_Gap,Large,300,20,random,456,500,16905,52.944773,0.010278,0.337798,52.554516,0.042181,0.992629,501,1032,3,1029,2.058,309600,True
vrf/VFR300_20_10_Gap,Large,300,20,idle-rcl,42,500,16905,53.192183,0.066,0.339768,52.744009,0.042406,0.991574,501,1036,4,1032,2.064,310800,True
vrf/VFR300_20_10_Gap,Large,300,20,idle-rcl,123,500,16905,52.344952,0.066037,0.339784,51.896778,0.042353,0.991438,501,1020,4,1016,2.032,306000,True
vrf/VFR300_20_10_Gap,Large,300,20,idle-rcl,456,500,16904,50.400237,0.066068,0.340378,49.951519,0.042272,0.991097,501,980,3,977,1.954,294000,True
vrf/VFR300_40_10_Gap,Large,300,40,random,42,500,18571,135.588232,0.011881,0.745679,134.747757,0.082915,0.993801,501,1204,3,1201,2.402,361200,True
vrf/VFR300_40_10_Gap,Large,300,40,random,123,500,18505,120.416647,0.01079,0.649436,119.67645,0.079971,0.993853,501,1228,3,1225,2.45,368400,True
vrf/VFR300_40_10_Gap,Large,300,40,random,456,500,18562,142.152162,0.011826,0.778338,141.278446,0.083553,0.993854,501,1209,7,1202,2.404,362700,True
vrf/VFR300_40_10_Gap,Large,300,40,idle-rcl,42,500,18590,122.243372,0.104332,0.749059,121.309104,0.080877,0.992357,501,1084,3,1081,2.162,325200,True
vrf/VFR300_40_10_Gap,Large,300,40,idle-rcl,123,500,18636,135.74453,0.108973,0.778292,134.775324,0.081941,0.99286,501,1153,3,1150,2.3,345900,True
vrf/VFR300_40_10_Gap,Large,300,40,idle-rcl,456,500,18621,132.256741,0.104823,0.750388,131.320296,0.081235,0.992919,501,1172,7,1165,2.33,351600,True
vrf/VFR300_60_10_Gap,Large,300,60,random,42,500,20635,198.748879,0.012014,1.079213,197.537886,0.119766,0.993907,501,1217,4,1213,2.426,365100,True
vrf/VFR300_60_10_Gap,Large,300,60,random,123,500,20767,223.280738,0.011967,1.180255,221.964043,0.124473,0.994103,501,1252,8,1244,2.488,375600,True
vrf/VFR300_60_10_Gap,Large,300,60,random,456,500,20647,213.415503,0.012021,1.132016,212.15157,0.119895,0.994078,501,1249,3,1246,2.492,374700,True
vrf/VFR300_60_10_Gap,Large,300,60,idle-rcl,42,500,20688,203.488128,0.151416,1.167498,202.045459,0.123755,0.99291,501,1142,4,1138,2.276,342600,True
vrf/VFR300_60_10_Gap,Large,300,60,idle-rcl,123,500,20687,198.160923,0.141583,1.129155,196.770199,0.119987,0.992982,501,1163,8,1155,2.31,348900,True
vrf/VFR300_60_10_Gap,Large,300,60,idle-rcl,456,500,20679,204.364025,0.151392,1.170709,202.917691,0.124234,0.992923,501,1147,3,1144,2.288,344100,True
vrf/VFR400_20_10_Gap,Large,400,20,random,42,500,21577,99.549225,0.013601,0.472448,99.00095,0.062226,0.994492,501,1052,4,1048,2.096,420800,True
vrf/VFR400_20_10_Gap,Large,400,20,random,123,500,21588,80.88395,0.012407,0.37834,80.432349,0.060854,0.994417,501,1062,2,1060,2.12,424800,True
vrf/VFR400_20_10_Gap,Large,400,20,random,456,500,21598,101.792262,0.013543,0.472677,101.24395,0.062093,0.994613,501,1075,4,1071,2.142,430000,True
vrf/VFR400_20_10_Gap,Large,400,20,idle-rcl,42,500,21574,81.324827,0.076167,0.382172,80.805413,0.061075,0.993613,501,1067,4,1063,2.126,426800,True
vrf/VFR400_20_10_Gap,Large,400,20,idle-rcl,123,500,21586,102.961301,0.083148,0.475919,102.33965,0.062585,0.993962,501,1079,2,1077,2.154,431600,True
vrf/VFR400_20_10_Gap,Large,400,20,idle-rcl,456,500,21581,78.440182,0.076624,0.382324,77.920384,0.06085,0.993373,501,1026,4,1022,2.044,410400,True
vrf/VFR400_40_10_Gap,Large,400,40,random,42,500,24015,206.451381,0.014702,0.864507,205.450159,0.122014,0.99515,501,1186,6,1180,2.36,474400,True
vrf/VFR400_40_10_Gap,Large,400,40,random,123,500,23929,169.862363,0.013028,0.722346,169.010529,0.116461,0.994985,501,1168,5,1163,2.326,467200,True
vrf/VFR400_40_10_Gap,Large,400,40,random,456,500,23935,218.645492,0.013908,0.908124,217.601847,0.121613,0.995227,501,1197,4,1193,2.386,478800,True
vrf/VFR400_40_10_Gap,Large,400,40,idle-rcl,42,500,23905,163.886552,0.116989,0.727505,162.926828,0.11523,0.994144,501,1127,6,1121,2.242,450800,True
vrf/VFR400_40_10_Gap,Large,400,40,idle-rcl,123,500,24001,213.056761,0.127429,0.902511,211.90623,0.120592,0.9946,501,1170,5,1165,2.33,468000,True
vrf/VFR400_40_10_Gap,Large,400,40,idle-rcl,456,500,23960,159.64609,0.116831,0.727516,158.686932,0.114811,0.993992,501,1095,4,1091,2.182,438000,True
vrf/VFR400_60_10_Gap,Large,400,60,random,42,500,26034,321.703346,0.013965,1.308902,320.204439,0.17604,0.995341,501,1221,5,1216,2.432,488400,True
vrf/VFR400_60_10_Gap,Large,400,60,random,123,500,26144,322.6843,0.013995,1.369485,321.118572,0.182249,0.995148,501,1169,5,1164,2.328,467600,True
vrf/VFR400_60_10_Gap,Large,400,60,random,456,500,26062,319.970235,0.013926,1.306022,318.473984,0.176304,0.995324,501,1213,2,1211,2.422,485200,True
vrf/VFR400_60_10_Gap,Large,400,60,idle-rcl,42,500,26108,308.251183,0.181705,1.374667,306.512817,0.181994,0.994361,501,1115,5,1110,2.22,446000,True
vrf/VFR400_60_10_Gap,Large,400,60,idle-rcl,123,500,26149,290.840462,0.165015,1.304826,289.195018,0.175603,0.994342,501,1105,5,1100,2.2,442000,True
vrf/VFR400_60_10_Gap,Large,400,60,idle-rcl,456,500,26120,314.294399,0.1817,1.37251,312.558601,0.181587,0.994477,501,1139,2,1137,2.274,455600,True
vrf/VFR500_20_10_Gap,Large,500,20,random,42,500,26219,161.711669,0.01505,0.575591,161.035143,0.085886,0.995816,501,1113,3,1110,2.22,556500,True
vrf/VFR500_20_10_Gap,Large,500,20,random,123,500,26196,144.695575,0.015026,0.519182,144.08003,0.081338,0.995746,501,1105,6,1099,2.198,552500,True
vrf/VFR500_20_10_Gap,Large,500,20,random,456,500,26156,138.592906,0.015027,0.514911,137.976378,0.086589,0.995552,501,1123,3,1120,2.24,561500,True
vrf/VFR500_20_10_Gap,Large,500,20,idle-rcl,42,500,26171,134.513981,0.088832,0.501712,133.840623,0.082814,0.994994,501,1121,3,1118,2.236,560500,True
vrf/VFR500_20_10_Gap,Large,500,20,idle-rcl,123,500,26180,138.499679,0.093012,0.521065,137.796763,0.088838,0.994925,501,1102,6,1096,2.192,551000,True
vrf/VFR500_20_10_Gap,Large,500,20,idle-rcl,456,500,26117,134.232786,0.089098,0.501962,133.558934,0.082792,0.99498,501,1113,3,1110,2.22,556500,True
vrf/VFR500_40_10_Gap,Large,500,40,random,42,500,28967,293.088351,0.015502,0.988912,291.923748,0.160189,0.996026,501,1175,5,1170,2.34,587500,True
vrf/VFR500_40_10_Gap,Large,500,40,random,123,500,29014,283.434143,0.015416,0.934061,282.328665,0.156002,0.9961,501,1204,6,1198,2.396,602000,True
vrf/VFR500_40_10_Gap,Large,500,40,random,456,500,28999,301.928755,0.01545,1.046252,300.703777,0.163277,0.995943,501,1146,2,1144,2.288,573000,True
vrf/VFR500_40_10_Gap,Large,500,40,idle-rcl,42,500,28973,284.882796,0.133574,0.995771,283.594704,0.158747,0.995479,501,1139,5,1134,2.268,569500,True
vrf/VFR500_40_10_Gap,Large,500,40,idle-rcl,123,500,29011,289.850122,0.150153,1.046927,288.489544,0.163498,0.995306,501,1103,6,1097,2.194,551500,True
vrf/VFR500_40_10_Gap,Large,500,40,idle-rcl,456,500,29017,288.178817,0.133489,0.992726,286.894278,0.158323,0.995543,501,1156,2,1154,2.308,578000,True
vrf/VFR500_60_10_Gap,Large,500,60,random,42,500,31264,509.450329,0.015867,1.719106,507.428723,0.286632,0.996032,501,1183,6,1177,2.354,591500,True
vrf/VFR500_60_10_Gap,Large,500,60,random,123,500,31290,463.579829,0.015881,1.560529,461.755449,0.247971,0.996065,501,1178,3,1175,2.35,589000,True
vrf/VFR500_60_10_Gap,Large,500,60,random,456,500,31245,431.620682,0.01575,1.409634,429.963852,0.231446,0.996161,501,1213,2,1211,2.422,606500,True
vrf/VFR500_60_10_Gap,Large,500,60,idle-rcl,42,500,31239,458.884339,0.207385,1.568389,456.860874,0.247691,0.99559,501,1166,6,1160,2.32,583000,True
vrf/VFR500_60_10_Gap,Large,500,60,idle-rcl,123,500,31242,432.119473,0.187004,1.480109,430.216471,0.235889,0.995596,501,1154,3,1151,2.302,577000,True
vrf/VFR500_60_10_Gap,Large,500,60,idle-rcl,456,500,31243,439.405495,0.207047,1.564037,437.387025,0.247386,0.995406,501,1115,2,1113,2.226,557500,True
vrf/VFR600_20_10_Gap,Large,600,20,random,42,500,31256,222.451675,0.016509,0.656498,221.663607,0.115061,0.996457,501,1115,3,1112,2.224,669000,True
vrf/VFR600_20_10_Gap,Large,600,20,random,123,500,31290,203.906442,0.016516,0.607884,203.175779,0.106263,0.996417,501,1107,2,1105,2.21,664200,True
vrf/VFR600_20_10_Gap,Large,600,20,random,456,500,31297,200.983292,0.01651,0.625318,200.227701,0.113762,0.996241,501,1085,2,1083,2.166,651000,True
vrf/VFR600_20_10_Gap,Large,600,20,idle-rcl,42,500,31186,192.538886,0.10198,0.5928,191.737604,0.106503,0.995838,501,1097,3,1094,2.188,658200,True
vrf/VFR600_20_10_Gap,Large,600,20,idle-rcl,123,500,31253,198.24692,0.107377,0.610451,197.414424,0.114669,0.995801,501,1091,2,1089,2.178,654600,True
vrf/VFR600_20_10_Gap,Large,600,20,idle-rcl,456,500,31256,189.249705,0.102003,0.591372,188.449552,0.106777,0.995772,501,1079,2,1077,2.154,647400,True
vrf/VFR600_40_10_Gap,Large,600,40,random,42,500,33946,399.471249,0.016862,1.146896,398.095387,0.212105,0.996556,501,1149,4,1145,2.29,689400,True
vrf/VFR600_40_10_Gap,Large,600,40,random,123,500,33909,382.571254,0.016969,1.082711,381.269624,0.201951,0.996598,501,1167,5,1162,2.324,700200,True
vrf/VFR600_40_10_Gap,Large,600,40,random,456,500,33949,438.346874,0.017069,1.211061,436.90599,0.212755,0.996713,501,1195,4,1191,2.382,717000,True
vrf/VFR600_40_10_Gap,Large,600,40,idle-rcl,42,500,33963,396.946823,0.152318,1.150992,395.438038,0.205475,0.996199,501,1141,4,1137,2.274,684600,True
vrf/VFR600_40_10_Gap,Large,600,40,idle-rcl,123,500,34025,398.42855,0.172873,1.213005,396.830703,0.211969,0.99599,501,1089,5,1084,2.168,653400,True
vrf/VFR600_40_10_Gap,Large,600,40,idle-rcl,456,500,33916,376.298505,0.151308,1.147279,374.794855,0.205062,0.996004,501,1087,4,1083,2.166,652200,True
vrf/VFR600_60_10_Gap,Large,600,60,random,42,500,36507,646.173006,0.017316,1.926995,643.849326,0.379369,0.996404,501,1156,6,1150,2.3,693600,True
vrf/VFR600_60_10_Gap,Large,600,60,random,123,500,36478,647.449243,0.017433,1.812903,645.295475,0.323432,0.996673,501,1181,5,1176,2.352,708600,True
vrf/VFR600_60_10_Gap,Large,600,60,random,456,500,36378,623.172661,0.017376,1.725653,621.122822,0.30681,0.996711,501,1194,3,1191,2.382,716400,True
vrf/VFR600_60_10_Gap,Large,600,60,idle-rcl,42,500,36355,611.78866,0.239506,1.815085,609.410868,0.323202,0.996113,501,1117,6,1111,2.222,670200,True
vrf/VFR600_60_10_Gap,Large,600,60,idle-rcl,123,500,36367,533.929302,0.202618,1.62881,531.799327,0.298547,0.996011,501,1085,5,1080,2.16,651000,True
vrf/VFR600_60_10_Gap,Large,600,60,idle-rcl,456,500,36440,582.627365,0.240845,1.82399,580.239808,0.322721,0.995902,501,1059,3,1056,2.112,635400,True
vrf/VFR700_20_10_Gap,Large,700,20,random,42,500,36591,255.53366,0.017847,0.740662,254.635064,0.140087,0.996483,501,972,2,970,1.94,680400,True
vrf/VFR700_20_10_Gap,Large,700,20,random,123,500,36591,178.26417,0.016894,0.516841,177.602688,0.127747,0.996289,501,969,3,966,1.932,678300,True
vrf/VFR700_20_10_Gap,Large,700,20,random,456,500,36509,208.390245,0.017705,0.667204,207.563537,0.141799,0.996033,501,970,2,968,1.936,679000,True
vrf/VFR700_20_10_Gap,Large,700,20,idle-rcl,42,500,36460,207.201468,0.10939,0.551525,206.41082,0.129733,0.996184,501,1020,2,1018,2.036,714000,True
vrf/VFR700_20_10_Gap,Large,700,20,idle-rcl,123,500,36509,205.888236,0.116552,0.650354,204.977852,0.143478,0.995578,501,986,3,983,1.966,690200,True
vrf/VFR700_20_10_Gap,Large,700,20,idle-rcl,456,500,36472,191.854246,0.106843,0.529564,191.088597,0.129242,0.996009,501,1004,2,1002,2.004,702800,True
vrf/VFR700_40_10_Gap,Large,700,40,random,42,500,39228,534.714248,0.01832,1.277091,533.153053,0.265784,0.99708,501,1188,9,1179,2.358,831600,True
vrf/VFR700_40_10_Gap,Large,700,40,random,123,500,39221,498.05705,0.01825,1.201239,496.586389,0.251172,0.997047,501,1174,8,1166,2.332,821800,True
vrf/VFR700_40_10_Gap,Large,700,40,random,456,500,39186,555.154086,0.018302,1.315227,553.55205,0.268506,0.997114,501,1165,4,1161,2.322,815500,True
vrf/VFR700_40_10_Gap,Large,700,40,idle-rcl,42,500,39263,517.741892,0.167177,1.244836,516.072045,0.257834,0.996775,501,1149,9,1140,2.28,804300,True
vrf/VFR700_40_10_Gap,Large,700,40,idle-rcl,123,500,39247,530.593142,0.177176,1.306959,528.842486,0.266521,0.996701,501,1113,8,1105,2.21,779100,True
vrf/VFR700_40_10_Gap,Large,700,40,idle-rcl,456,500,39183,516.284133,0.167525,1.241196,514.618832,0.256581,0.996774,501,1145,4,1141,2.282,801500,True
vrf/VFR700_60_10_Gap,Large,700,60,random,42,500,41729,751.56958,0.018841,2.053419,749.008341,0.488979,0.996592,501,1147,3,1144,2.288,802900,True
vrf/VFR700_60_10_Gap,Large,700,60,random,123,500,41698,836.260998,0.018798,2.023731,833.810665,0.407804,0.99707,501,1168,6,1162,2.324,817600,True
vrf/VFR700_60_10_Gap,Large,700,60,random,456,500,41607,782.797694,0.018781,1.910541,780.484468,0.383903,0.997045,501,1156,5,1151,2.302,809200,True
vrf/VFR700_60_10_Gap,Large,700,60,idle-rcl,42,500,41638,826.653761,0.266215,2.029629,823.951356,0.40656,0.996731,501,1154,3,1151,2.302,807800,True
vrf/VFR700_60_10_Gap,Large,700,60,idle-rcl,123,500,41688,729.541213,0.220589,1.801267,727.14548,0.373876,0.996716,501,1147,6,1141,2.282,802900,True
vrf/VFR700_60_10_Gap,Large,700,60,idle-rcl,456,500,41671,783.021573,0.238583,1.979217,780.400157,0.403617,0.996652,501,1098,5,1093,2.186,768600,True
vrf/VFR800_20_10_Gap,Large,800,20,random,42,500,41601,245.822173,0.018077,0.561534,245.088472,0.154089,0.997015,501,1077,3,1074,2.148,861600,True
vrf/VFR800_20_10_Gap,Large,800,20,random,123,500,41628,240.980434,0.018105,0.561984,240.24595,0.154395,0.996952,501,1051,4,1047,2.094,840800,True
vrf/VFR800_20_10_Gap,Large,800,20,random,456,500,41637,242.477834,0.01807,0.562429,241.742912,0.154423,0.996969,501,1057,4,1053,2.106,845600,True
vrf/VFR800_20_10_Gap,Large,800,20,idle-rcl,42,500,41632,248.457104,0.112896,0.565491,247.623846,0.154871,0.996646,501,1087,3,1084,2.168,869600,True
vrf/VFR800_20_10_Gap,Large,800,20,idle-rcl,123,500,41633,245.034387,0.112432,0.562482,244.204348,0.155125,0.996613,501,1077,4,1073,2.146,861600,True
vrf/VFR800_20_10_Gap,Large,800,20,idle-rcl,456,500,41642,248.407894,0.11225,0.562046,247.579172,0.154426,0.996664,501,1089,4,1085,2.17,871200,True
vrf/VFR800_40_10_Gap,Large,800,40,random,42,500,44033,681.011635,0.019578,1.414846,679.256073,0.321138,0.997422,501,1193,4,1189,2.378,954400,True
vrf/VFR800_40_10_Gap,Large,800,40,random,123,500,44162,633.833831,0.019721,1.32318,632.173595,0.317335,0.997381,501,1179,2,1177,2.354,943200,True
vrf/VFR800_40_10_Gap,Large,800,40,random,456,500,44142,624.003529,0.019417,1.324389,622.347355,0.312368,0.997346,501,1164,6,1158,2.316,931200,True
vrf/VFR800_40_10_Gap,Large,800,40,idle-rcl,42,500,44056,600.543655,0.179704,1.33492,598.715058,0.313974,0.996955,501,1124,4,1120,2.24,899200,True
vrf/VFR800_40_10_Gap,Large,800,40,idle-rcl,123,500,44031,632.62657,0.189186,1.403603,630.723667,0.310113,0.996992,501,1114,2,1112,2.224,891200,True
vrf/VFR800_40_10_Gap,Large,800,40,idle-rcl,456,500,44011,643.710447,0.189862,1.405997,641.796375,0.318214,0.997027,501,1131,6,1125,2.25,904800,True
vrf/VFR800_60_10_Gap,Large,800,60,random,42,500,46624,1002.760547,0.020301,2.138131,1000.11631,0.485806,0.997363,501,1171,3,1168,2.336,936800,True
vrf/VFR800_60_10_Gap,Large,800,60,random,123,500,46700,1019.258898,0.020024,2.131076,1016.623103,0.484695,0.997414,501,1191,3,1188,2.376,952800,True
vrf/VFR800_60_10_Gap,Large,800,60,random,456,500,46770,967.251239,0.020113,2.00017,964.755154,0.475802,0.997419,501,1194,4,1190,2.38,955200,True
vrf/VFR800_60_10_Gap,Large,800,60,idle-rcl,42,500,46781,1079.846918,0.326144,2.365829,1076.627288,0.527657,0.997018,501,1135,3,1132,2.264,908000,True
vrf/VFR800_60_10_Gap,Large,800,60,idle-rcl,123,500,46689,910.452507,0.241158,1.997957,907.753276,0.460116,0.997035,501,1134,3,1131,2.262,907200,True
vrf/VFR800_60_10_Gap,Large,800,60,idle-rcl,456,500,46573,1062.611567,0.325717,2.368779,1059.39141,0.52566,0.99697,501,1113,4,1109,2.218,890400,True
