algorithm,instance_set,n,m,n_instances,rpd_mean,rpd_std,rpd_min,rpd_max,makespan_mean
IG,,20,5,50,0.06616281529890218,0.2561006827647963,-0.08090614886731391,0.9685230024213075,1223.32
IG,,20,10,50,0.20099653324142966,0.28924857128127723,0.0,0.9866102889358703,1516.72
IG,,20,20,50,0.2102648147294809,0.17113211829386663,-0.047619047619047616,0.5968778696051423,2239.82
IG,,50,5,50,0.015206084646135263,0.05321113850431726,0.0,0.35266457680250785,2736.8
IG,,50,10,50,0.3330995478324492,0.39005991840179177,-0.06983240223463687,1.996007984031936,3007.6
IG,,50,20,50,0.8839928573853044,0.45388315702963006,0.1375515818431912,1.779455378808304,3763.92
IG,,100,5,50,-0.03048896216016073,0.09180330573255632,-0.23501762632197415,0.17949740725967292,5245.28
IG,,100,10,50,0.25456473027605375,0.23384173924536694,0.0,0.7858546168958742,5644.36
IG,,100,20,50,0.6061104479727658,0.2964758585059633,0.015535187199005748,1.191028615622583,6401.2
IG,,200,10,50,0.2523492892912769,0.24971621282952572,0.0,0.8698040651895257,10700.02
IG,,200,20,50,0.41132943547450274,0.3390941788680733,-0.4903677758318739,0.9023215067893123,11420.32
IG,,500,20,50,0.28740727218567197,0.1838058172801904,-0.10157631390843083,0.6210941992868918,26525.6
IG,Large,100,20,50,1.294585904935397,0.352151923431861,0.6660323501427212,2.3270951993490643,6345.22
IG,Large,100,40,50,1.4123414354190675,0.27971680650110026,0.7359472148204542,2.0552263270709874,8078.22
IG,Large,100,60,50,1.2680600172529843,0.2681901033757303,0.6471461913855294,1.9253396085142795,9615.2
IG,Large,200,20,50,0.9997931309670943,0.2585351250503693,0.5799648506151143,1.6445623342175066,11376.04
IG,Large,200,40,50,1.2235676090358676,0.37557680687649786,0.4887585532746823,2.3606457508376484,13344.06
IG,Large,200,60,50,1.2629692269971189,0.22494056614370345,0.6411103767349636,1.7220744680851063,15228.2
IG,Large,300,20,50,0.6212656378544322,0.27860874599571134,0.03550505947097461,1.1129660545353366,16446.3
IG,Large,300,40,50,1.063634434005544,0.2166419403391999,0.5651866746372479,1.5874735872568673,18605.76
IG,Large,300,60,50,1.080255685829633,0.2104116503152723,0.6180105944673338,1.5023979641773515,20657.48
IG,Large,400,20,50,0.45532000732224165,0.21442686287824686,0.08357321942613057,0.9794319294809011,21479.04
IG,Large,400,40,50,1.0064971752119174,0.2279029695639543,0.5330625713923086,1.4803817603393425,23749.14
IG,Large,400,60,50,0.9633415609981067,0.2563724766673338,0.48828125,1.4928281883380106,25986.2
IG,Large,500,20,50,0.40240021121570274,0.13926833519140633,0.15883220512044777,0.745901328991708,26517.6
IG,Large,500,40,50,0.7804446496335453,0.1910457557627175,0.3681450352516237,1.185371125753931,28930.84
IG,Large,500,60,50,0.8194658868302237,0.2508485189503507,0.308161411703646,1.5778582514226591,31218.52
IG,Large,600,20,50,0.3012271843304372,0.14081871990441758,0.09187682169560259,0.5536288141525343,31573.72
IG,Large,600,40,50,0.847051707617794,0.2096451632510607,0.2957792303824425,1.2824318708068634,33958.48
IG,Large,600,60,50,0.7595542502013413,0.18212908116411747,0.3121978173780909,1.124961994527212,36445.74
IG,Large,700,20,50,0.28479511961784354,0.09231829986080146,0.03817730631834419,0.47779883021665703,36593.7
IG,Large,700,40,50,0.696975530140519,0.17514059167163268,0.29449754585378457,1.0313265437669201,39053.72
IG,Large,700,60,50,0.6552318608572335,0.19473438723516381,0.18851963746223566,0.9923276133310743,41585.6
IG,Large,800,20,50,0.24387825237711114,0.11479343714857185,0.06494443642661278,0.5165436800761724,41683.82
IG,Large,800,40,50,0.5015312170097002,0.1277073003677609,0.2802332999179805,0.7920385291365182,44031.6
IG,Large,800,60,50,0.7273112582611216,0.21573237633678383,0.3508620875217944,1.148187242842679,46758.12
IG,Small,10,5,50,0.0,0.0,0.0,0.0,711.5
IG,Small,10,10,50,0.0,0.0,0.0,0.0,1095.5
IG,Small,10,15,50,0.0,0.0,0.0,0.0,1403.5
IG,Small,10,20,50,0.0059594755661501785,0.04171632896305125,0.0,0.29797377830750893,1710.7
IG,Small,20,5,50,0.03932644613790139,0.07732305572838984,0.0,0.33557046979865773,1214.28
IG,Small,20,10,50,0.23804589095990555,0.23144676145687923,0.0,0.8321775312066574,1549.16
IG,Small,20,15,50,0.15052982130038298,0.22593331100957356,0.0,0.827357970215113,1887.1
IG,Small,20,20,50,0.19048504298928318,0.19167254137615086,0.0,0.6148440931049627,2245.36
IG,Small,30,5,50,0.08235957526888381,0.1828848357384857,0.0,0.8368200836820083,1725.7
IG,Small,30,10,50,0.7393342317650118,0.3739351481409295,0.0,1.4335145823035096,1996.22
IG,Small,30,15,50,0.9030053478365694,0.45107695013471627,0.0,2.4739583333333335,2371.46
IG,Small,30,20,50,0.7126871982132189,0.37771063583023,0.0,1.4380530973451326,2764.72
IG,Small,40,5,50,0.03592566355906451,0.07185494890944569,0.0,0.18124150430448574,2284.4
IG,Small,40,10,50,0.9383445523379074,0.6663848226384967,0.0,3.758496601359456,2489.26
IG,Small,40,15,50,1.1177022482163053,0.39183454598593453,0.11078286558345643,2.126917712691771,2915.08
IG,Small,40,20,50,1.136487339672615,0.3984045563944022,0.21046301864101022,1.8257527226137091,3259.78
IG,Small,50,5,50,0.0007052186177715092,0.004936530324400564,0.0,0.03526093088857546,2793.62
IG,Small,50,10,50,0.6521715020798468,0.4966163583052725,0.0,1.5130190007037299,3057.16
IG,Small,50,15,50,1.3194278405712085,0.42330224992400833,0.40114613180515757,2.303206997084548,3413.28
IG,Small,50,20,50,1.4168718777109117,0.45771073726875583,0.37746023186842814,2.5162337662337664,3792.52
IG,Small,60,5,50,0.0,0.0,0.0,0.0,3272.5
IG,Small,60,10,50,0.591154990472036,0.38087625062786334,0.05630630630630631,1.4835948644793153,3565.92
IG,Small,60,15,50,1.2594011882930103,0.3544401274126522,0.35879036391594055,2.1649484536082473,3894.28
IG,Small,60,20,50,1.5717735533936632,0.3756418991949625,0.9062723586930599,2.475011899095669,4293.94
NEH,,20,5,10,3.2499449915097065,2.085572864910238,0.44150110375275936,7.215541165587419,1261.1
NEH,,20,10,10,4.593532472068802,0.8538281303278106,3.389830508474576,6.1946902654867255,1583.1
NEH,,20,20,10,3.7260131461506987,1.1886874507969165,1.7543859649122806,5.525606469002695,2318.7
NEH,,50,5,10,0.7272035639883898,0.41692307206734663,0.17464198393293748,1.4163250093179276,2756.1
NEH,,50,10,10,4.571144468900852,0.998287322690811,2.7640671273445214,5.827193569993302,3134.8
NEH,,50,20,10,6.05623813655305,0.8519593595246223,4.966799468791501,7.995763833730474,3956.9
NEH,,100,5,10,0.48120501404103766,0.4094666908046466,0.07789678675754626,1.5186028853454823,5272.3
NEH,,100,10,10,2.168341511103728,0.7596010378020935,1.2489307100085543,3.858814923189466,5752.0
NEH,,100,20,10,4.275086291384969,0.5772055540345448,3.279195668986852,5.017301038062284,6634.4
NEH,,200,10,10,1.2320377936772984,0.3712258845048408,0.6808980493191019,2.115494568324757,10804.2
NEH,,200,20,10,3.331350414159221,0.6188319746302671,2.23292469352014,4.362680683311432,11752.6
NEH,,500,20,10,1.7309167295883914,0.3299559864768108,1.223299500075746,2.2644485335536446,26907.4
NEH,Large,100,20,10,5.708206008244579,0.5435088668336269,4.536710484129529,6.421426266537593,6621.8
NEH,Large,100,40,10,5.467594756364055,0.33662030886205857,4.851921865154379,5.835010060362173,8401.2
NEH,Large,100,60,10,4.94855804544339,0.3642038967305483,4.423933800127307,5.5380742605412205,9964.6
NEH,Large,200,20,10,4.231389825452201,0.42721562194562546,3.321066331568082,4.924845269672856,11740.2
NEH,Large,200,40,10,4.711692576523019,0.5563714682264556,4.037897586284683,5.939689308559244,13803.9
NEH,Large,200,60,10,4.554579454534236,0.284423858264078,4.137475214805023,5.223482321547698,15723.1
NEH,Large,300,20,10,2.995965203244695,0.5642864657902776,1.6332327356648322,3.716069993198541,16833.8
NEH,Large,300,40,10,4.081760274060057,0.28594298915464267,3.7353197042192257,4.66459593482644,19161.3
NEH,Large,300,60,10,3.9339025413069115,0.29242344941477433,3.36962919364332,4.448355086278536,21240.7
NEH,Large,400,20,10,2.5569894155829638,0.37691146306613976,2.027559968449868,3.2478551899688886,21928.2
NEH,Large,400,40,10,3.660523411112463,0.1935981463336354,3.3334761557907364,3.8645282375021326,24373.2
NEH,Large,400,60,10,3.559725763388054,0.2907130217518723,2.998802024964254,4.094384289983312,26654.5
NEH,Large,500,20,10,2.274196473397,0.35007194331071645,1.6840297225645047,2.868759024241964,27011.7
NEH,Large,500,40,10,3.197635759703735,0.22620242513078004,2.8408294801737424,3.650245790189311,29624.9
NEH,Large,500,60,10,3.115099651084793,0.15497802457703935,2.8577916180096015,3.3949818934299016,31929.4
NEH,Large,600,20,10,1.5704242819225478,0.2351100720237033,1.1418783899514702,2.0236087689713322,31973.2
NEH,Large,600,40,10,3.1346024521915132,0.23749462838961724,2.8369632672360297,3.4884415506839495,34728.7
NEH,Large,600,60,10,2.934399482510618,0.1367029504790837,2.713906699093522,3.1960443081682826,37232.4
NEH,Large,700,20,10,1.400102405160094,0.3030783881056018,0.8594887003322624,1.9270719440192434,37000.7
NEH,Large,700,40,10,2.772479049511495,0.21391815251784185,2.3869379292471167,3.1068211068211067,39858.6
NEH,Large,700,60,10,2.751108757472156,0.15226046678822214,2.4773413897280965,2.8887923544743703,42451.5
NEH,Large,800,20,10,1.2309204160114715,0.34988061676234433,0.7712449416805522,1.9070149181673346,42093.7
NEH,Large,800,40,10,2.4587658896331837,0.1099717910899338,2.262371274947599,2.616391797258149,44889.1
NEH,Large,800,60,10,2.706793099215605,0.23790248872472156,2.2777622437786333,3.0772541424574995,47677.1
NEH,Small,10,5,10,2.177012986872213,1.789853295544562,0.0,5.46984572230014,727.1
NEH,Small,10,10,10,1.9067536159095397,2.2999096283004925,0.0,7.657247037374658,1116.5
NEH,Small,10,15,10,1.5349834950618733,1.2271453777489254,0.0,3.3057851239669422,1425.4
NEH,Small,10,20,10,1.9862100029132068,1.3015000367311074,0.29797377830750893,4.661016949152542,1744.7
NEH,Small,20,5,10,1.5148257543945387,1.1709645757629843,0.22675736961451248,4.4464609800362975,1231.5
NEH,Small,20,10,10,4.824336256095334,2.0780169673305062,2.2871664548919948,8.681462140992167,1619.7
NEH,Small,20,15,10,4.329357380293062,0.8202326471959416,2.558398220244716,5.184776613348042,1965.9
NEH,Small,20,20,10,4.123802688616289,0.6386102781748734,3.2599118942731278,5.219399538106235,2333.5
NEH,Small,30,5,10,1.4343892340102167,1.3850248771148383,0.0,3.825463239689181,1748.2
NEH,Small,30,10,10,5.262531431457177,1.1917396543748775,3.5271687321258343,7.172995780590718,2085.4
NEH,Small,30,15,10,5.825302079036501,1.446233009130209,3.012794056954189,8.637152777777779,2486.8
NEH,Small,30,20,10,5.407254441878635,1.1030933638053797,3.9572192513368982,7.440147329650092,2893.6
NEH,Small,40,5,10,1.0932894328620908,0.8758045226266225,0.0,2.373196835737552,2308.1
NEH,Small,40,10,10,4.968661802998278,0.3585434472313754,4.398708635996772,5.514096185737976,2588.6
NEH,Small,40,15,10,6.047269927756615,1.2586372615021646,4.051810029890402,8.117688762850053,3056.8
NEH,Small,40,20,10,5.142240926023253,0.8745332962132226,3.4525277435265105,6.552357624004899,3388.7
NEH,Small,50,5,10,0.5456600769334354,0.661112783000935,0.0,1.9664967225054626,2808.9
NEH,Small,50,10,10,4.581123869263543,1.0590564304520544,2.7796161482461947,6.160980457105001,3176.7
NEH,Small,50,15,10,6.518706890514605,0.8151232053418477,5.2722063037249285,7.930029154518951,3588.4
NEH,Small,50,20,10,5.964935757299205,0.8125521461180454,4.7182528983553516,7.365285675602491,3962.7
NEH,Small,60,5,10,0.8929932958200798,0.8906945205070816,0.0,3.0491599253266957,3301.0
NEH,Small,60,10,10,3.95735799900964,1.3704212651536924,1.2211668928086838,6.037840845854202,3684.7
NEH,Small,60,15,10,5.786523355475978,0.9466894572615837,3.921066119938493,6.958762886597938,4068.2
NEH,Small,60,20,10,6.451899890719813,0.8708070294415082,4.7426120114394665,7.822966507177034,4500.1
