instance_id,benchmark,n,m,seed,alpha,budget,makespan,neh_makespan,reference,rpd,runtime_s
taillard/tai20_5_0,taillard,20,5,42,0.0500,500,1282,1286,1278,0.3130,0.550
taillard/tai20_5_0,taillard,20,5,42,0.1000,500,1282,1286,1278,0.3130,0.535
taillard/tai20_5_0,taillard,20,5,42,0.2000,500,1282,1286,1278,0.3130,0.534
taillard/tai20_5_0,taillard,20,5,42,0.3000,500,1278,1286,1278,0.0000,0.462
taillard/tai20_5_0,taillard,20,5,42,0.4000,500,1278,1286,1278,0.0000,0.501
taillard/tai20_5_0,taillard,20,5,42,0.5000,500,1278,1286,1278,0.0000,0.521
taillard/tai20_5_0,taillard,20,5,123,0.0500,500,1278,1286,1278,0.0000,0.412
taillard/tai20_5_0,taillard,20,5,123,0.1000,500,1278,1286,1278,0.0000,0.413
taillard/tai20_5_0,taillard,20,5,123,0.2000,500,1278,1286,1278,0.0000,0.413
taillard/tai20_5_0,taillard,20,5,123,0.3000,500,1278,1286,1278,0.0000,0.450
taillard/tai20_5_0,taillard,20,5,123,0.4000,500,1278,1286,1278,0.0000,0.516
taillard/tai20_5_0,taillard,20,5,123,0.5000,500,1278,1286,1278,0.0000,0.523
taillard/tai20_5_0,taillard,20,5,456,0.0500,500,1278,1286,1278,0.0000,0.494
taillard/tai20_5_0,taillard,20,5,456,0.1000,500,1278,1286,1278,0.0000,0.494
taillard/tai20_5_0,taillard,20,5,456,0.2000,500,1278,1286,1278,0.0000,0.494
taillard/tai20_5_0,taillard,20,5,456,0.3000,500,1278,1286,1278,0.0000,0.461
taillard/tai20_5_0,taillard,20,5,456,0.4000,500,1278,1286,1278,0.0000,0.491
taillard/tai20_5_0,taillard,20,5,456,0.5000,500,1278,1286,1278,0.0000,0.529
taillard/tai20_10_0,taillard,20,10,42,0.0500,500,1594,1680,1582,0.7585,0.769
taillard/tai20_10_0,taillard,20,10,42,0.1000,500,1594,1680,1582,0.7585,0.770
taillard/tai20_10_0,taillard,20,10,42,0.2000,500,1594,1680,1582,0.7585,0.771
taillard/tai20_10_0,taillard,20,10,42,0.3000,500,1582,1680,1582,0.0000,1.069
taillard/tai20_10_0,taillard,20,10,42,0.4000,500,1582,1680,1582,0.0000,1.007
taillard/tai20_10_0,taillard,20,10,42,0.5000,500,1582,1680,1582,0.0000,1.009
taillard/tai20_10_0,taillard,20,10,123,0.0500,500,1596,1680,1582,0.8850,1.015
taillard/tai20_10_0,taillard,20,10,123,0.1000,500,1596,1680,1582,0.8850,1.016
taillard/tai20_10_0,taillard,20,10,123,0.2000,500,1596,1680,1582,0.8850,1.019
taillard/tai20_10_0,taillard,20,10,123,0.3000,500,1591,1680,1582,0.5689,0.861
taillard/tai20_10_0,taillard,20,10,123,0.4000,500,1586,1680,1582,0.2528,1.041
taillard/tai20_10_0,taillard,20,10,123,0.5000,500,1595,1680,1582,0.8217,1.044
taillard/tai20_10_0,taillard,20,10,456,0.0500,500,1595,1680,1582,0.8217,0.684
taillard/tai20_10_0,taillard,20,10,456,0.1000,500,1595,1680,1582,0.8217,0.681
taillard/tai20_10_0,taillard,20,10,456,0.2000,500,1595,1680,1582,0.8217,0.684
taillard/tai20_10_0,taillard,20,10,456,0.3000,500,1586,1680,1582,0.2528,1.193
taillard/tai20_10_0,taillard,20,10,456,0.4000,500,1583,1680,1582,0.0632,1.075
taillard/tai20_10_0,taillard,20,10,456,0.5000,500,1583,1680,1582,0.0632,0.980
taillard/tai20_20_0,taillard,20,20,42,0.0500,500,2353,2410,2297,2.4380,1.519
taillard/tai20_20_0,taillard,20,20,42,0.1000,500,2353,2410,2297,2.4380,1.517
taillard/tai20_20_0,taillard,20,20,42,0.2000,500,2353,2410,2297,2.4380,1.518
taillard/tai20_20_0,taillard,20,20,42,0.3000,500,2315,2410,2297,0.7836,1.658
taillard/tai20_20_0,taillard,20,20,42,0.4000,500,2304,2410,2297,0.3047,2.235
taillard/tai20_20_0,taillard,20,20,42,0.5000,500,2298,2410,2297,0.0435,1.978
taillard/tai20_20_0,taillard,20,20,123,0.0500,500,2328,2410,2297,1.3496,1.721
taillard/tai20_20_0,taillard,20,20,123,0.1000,500,2328,2410,2297,1.3496,1.717
taillard/tai20_20_0,taillard,20,20,123,0.2000,500,2328,2410,2297,1.3496,1.718
taillard/tai20_20_0,taillard,20,20,123,0.3000,500,2320,2410,2297,1.0013,1.922
taillard/tai20_20_0,taillard,20,20,123,0.4000,500,2318,2410,2297,0.9142,1.748
taillard/tai20_20_0,taillard,20,20,123,0.5000,500,2304,2410,2297,0.3047,2.277
taillard/tai20_20_0,taillard,20,20,456,0.0500,500,2344,2410,2297,2.0461,1.273
taillard/tai20_20_0,taillard,20,20,456,0.1000,500,2344,2410,2297,2.0461,1.269
taillard/tai20_20_0,taillard,20,20,456,0.2000,500,2344,2410,2297,2.0461,1.272
taillard/tai20_20_0,taillard,20,20,456,0.3000,500,2306,2410,2297,0.3918,1.846
taillard/tai20_20_0,taillard,20,20,456,0.4000,500,2310,2410,2297,0.5660,2.053
taillard/tai20_20_0,taillard,20,20,456,0.5000,500,2308,2410,2297,0.4789,2.046
taillard/tai50_5_0,taillard,50,5,42,0.0500,500,2724,2733,2724,0.0000,1.195
taillard/tai50_5_0,taillard,50,5,42,0.1000,500,2724,2733,2724,0.0000,1.159
taillard/tai50_5_0,taillard,50,5,42,0.2000,500,2724,2733,2724,0.0000,1.310
taillard/tai50_5_0,taillard,50,5,42,0.3000,500,2724,2733,2724,0.0000,1.361
taillard/tai50_5_0,taillard,50,5,42,0.4000,500,2724,2733,2724,0.0000,1.277
taillard/tai50_5_0,taillard,50,5,42,0.5000,500,2724,2733,2724,0.0000,1.290
taillard/tai50_5_0,taillard,50,5,123,0.0500,500,2724,2733,2724,0.0000,1.108
taillard/tai50_5_0,taillard,50,5,123,0.1000,500,2724,2733,2724,0.0000,1.343
taillard/tai50_5_0,taillard,50,5,123,0.2000,500,2724,2733,2724,0.0000,1.272
taillard/tai50_5_0,taillard,50,5,123,0.3000,500,2724,2733,2724,0.0000,1.320
taillard/tai50_5_0,taillard,50,5,123,0.4000,500,2724,2733,2724,0.0000,1.252
taillard/tai50_5_0,taillard,50,5,123,0.5000,500,2724,2733,2724,0.0000,1.271
taillard/tai50_5_0,taillard,50,5,456,0.0500,500,2724,2733,2724,0.0000,1.035
taillard/tai50_5_0,taillard,50,5,456,0.1000,500,2724,2733,2724,0.0000,1.208
taillard/tai50_5_0,taillard,50,5,456,0.2000,500,2724,2733,2724,0.0000,1.320
taillard/tai50_5_0,taillard,50,5,456,0.3000,500,2724,2733,2724,0.0000,1.305
taillard/tai50_5_0,taillard,50,5,456,0.4000,500,2724,2733,2724,0.0000,1.284
taillard/tai50_5_0,taillard,50,5,456,0.5000,500,2724,2733,2724,0.0000,1.268
taillard/tai50_10_0,taillard,50,10,42,0.0500,500,3043,3135,3025,0.5950,1.644
taillard/tai50_10_0,taillard,50,10,42,0.1000,500,3034,3135,3025,0.2975,1.675
taillard/tai50_10_0,taillard,50,10,42,0.2000,500,3025,3135,3025,0.0000,2.723
taillard/tai50_10_0,taillard,50,10,42,0.3000,500,3025,3135,3025,0.0000,2.821
taillard/tai50_10_0,taillard,50,10,42,0.4000,500,3025,3135,3025,0.0000,2.978
taillard/tai50_10_0,taillard,50,10,42,0.5000,500,3034,3135,3025,0.2975,2.988
taillard/tai50_10_0,taillard,50,10,123,0.0500,500,3037,3135,3025,0.3967,1.695
taillard/tai50_10_0,taillard,50,10,123,0.1000,500,3082,3135,3025,1.8843,1.592
taillard/tai50_10_0,taillard,50,10,123,0.2000,500,3025,3135,3025,0.0000,2.319
taillard/tai50_10_0,taillard,50,10,123,0.3000,500,3025,3135,3025,0.0000,2.780
taillard/tai50_10_0,taillard,50,10,123,0.4000,500,3030,3135,3025,0.1653,3.056
taillard/tai50_10_0,taillard,50,10,123,0.5000,500,3025,3135,3025,0.0000,3.069
taillard/tai50_10_0,taillard,50,10,456,0.0500,500,3103,3135,3025,2.5785,2.417
taillard/tai50_10_0,taillard,50,10,456,0.1000,500,3034,3135,3025,0.2975,2.456
taillard/tai50_10_0,taillard,50,10,456,0.2000,500,3025,3135,3025,0.0000,2.482
taillard/tai50_10_0,taillard,50,10,456,0.3000,500,3025,3135,3025,0.0000,2.636
taillard/tai50_10_0,taillard,50,10,456,0.4000,500,3037,3135,3025,0.3967,2.684
taillard/tai50_10_0,taillard,50,10,456,0.5000,500,3036,3135,3025,0.3636,2.814
taillard/tai50_20_0,taillard,50,20,42,0.0500,500,3969,4082,3875,2.4258,2.963
taillard/tai50_20_0,taillard,50,20,42,0.1000,500,3927,4082,3875,1.3419,4.518
taillard/tai50_20_0,taillard,50,20,42,0.2000,500,3913,4082,3875,0.9806,5.918
taillard/tai50_20_0,taillard,50,20,42,0.3000,500,3895,4082,3875,0.5161,5.891
taillard/tai50_20_0,taillard,50,20,42,0.4000,500,3893,4082,3875,0.4645,5.969
taillard/tai50_20_0,taillard,50,20,42,0.5000,500,3905,4082,3875,0.7742,6.311
taillard/tai50_20_0,taillard,50,20,123,0.0500,500,3969,4082,3875,2.4258,4.042
taillard/tai50_20_0,taillard,50,20,123,0.1000,500,3946,4082,3875,1.8323,4.404
taillard/tai50_20_0,taillard,50,20,123,0.2000,500,3926,4082,3875,1.3161,5.779
taillard/tai50_20_0,taillard,50,20,123,0.3000,500,3909,4082,3875,0.8774,5.560
taillard/tai50_20_0,taillard,50,20,123,0.4000,500,3901,4082,3875,0.6710,5.716
taillard/tai50_20_0,taillard,50,20,123,0.5000,500,3898,4082,3875,0.5935,5.861
taillard/tai50_20_0,taillard,50,20,456,0.0500,500,3942,4082,3875,1.7290,4.367
taillard/tai50_20_0,taillard,50,20,456,0.1000,500,3955,4082,3875,2.0645,3.164
taillard/tai50_20_0,taillard,50,20,456,0.2000,500,3924,4082,3875,1.2645,5.501
taillard/tai50_20_0,taillard,50,20,456,0.3000,500,3896,4082,3875,0.5419,5.748
taillard/tai50_20_0,taillard,50,20,456,0.4000,500,3913,4082,3875,0.9806,6.029
taillard/tai50_20_0,taillard,50,20,456,0.5000,500,3902,4082,3875,0.6968,5.702
taillard/tai100_5_0,taillard,100,5,42,0.0500,500,5493,5519,5493,0.0000,2.528
taillard/tai100_5_0,taillard,100,5,42,0.1000,500,5493,5519,5493,0.0000,2.554
taillard/tai100_5_0,taillard,100,5,42,0.2000,500,5493,5519,5493,0.0000,2.718
taillard/tai100_5_0,taillard,100,5,42,0.3000,500,5493,5519,5493,0.0000,2.450
taillard/tai100_5_0,taillard,100,5,42,0.4000,500,5493,5519,5493,0.0000,2.576
taillard/tai100_5_0,taillard,100,5,42,0.5000,500,5493,5519,5493,0.0000,2.467
taillard/tai100_5_0,taillard,100,5,123,0.0500,500,5493,5519,5493,0.0000,2.604
taillard/tai100_5_0,taillard,100,5,123,0.1000,500,5493,5519,5493,0.0000,2.480
taillard/tai100_5_0,taillard,100,5,123,0.2000,500,5493,5519,5493,0.0000,2.577
taillard/tai100_5_0,taillard,100,5,123,0.3000,500,5493,5519,5493,0.0000,2.595
taillard/tai100_5_0,taillard,100,5,123,0.4000,500,5493,5519,5493,0.0000,2.529
taillard/tai100_5_0,taillard,100,5,123,0.5000,500,5493,5519,5493,0.0000,2.471
taillard/tai100_5_0,taillard,100,5,456,0.0500,500,5493,5519,5493,0.0000,2.149
taillard/tai100_5_0,taillard,100,5,456,0.1000,500,5493,5519,5493,0.0000,2.613
taillard/tai100_5_0,taillard,100,5,456,0.2000,500,5493,5519,5493,0.0000,2.633
taillard/tai100_5_0,taillard,100,5,456,0.3000,500,5493,5519,5493,0.0000,2.484
taillard/tai100_5_0,taillard,100,5,456,0.4000,500,5493,5519,5493,0.0000,2.602
taillard/tai100_5_0,taillard,100,5,456,0.5000,500,5493,5519,5493,0.0000,2.474
taillard/tai100_10_0,taillard,100,10,42,0.0500,500,5773,5846,5770,0.0520,4.389
taillard/tai100_10_0,taillard,100,10,42,0.1000,500,5771,5846,5770,0.0173,5.889
taillard/tai100_10_0,taillard,100,10,42,0.2000,500,5783,5846,5770,0.2253,6.235
taillard/tai100_10_0,taillard,100,10,42,0.3000,500,5770,5846,5770,0.0000,6.004
taillard/tai100_10_0,taillard,100,10,42,0.4000,500,5781,5846,5770,0.1906,6.220
taillard/tai100_10_0,taillard,100,10,42,0.5000,500,5771,5846,5770,0.0173,6.513
taillard/tai100_10_0,taillard,100,10,123,0.0500,500,5771,5846,5770,0.0173,5.587
taillard/tai100_10_0,taillard,100,10,123,0.1000,500,5771,5846,5770,0.0173,5.622
taillard/tai100_10_0,taillard,100,10,123,0.2000,500,5771,5846,5770,0.0173,6.229
taillard/tai100_10_0,taillard,100,10,123,0.3000,500,5785,5846,5770,0.2600,6.361
taillard/tai100_10_0,taillard,100,10,123,0.4000,500,5781,5846,5770,0.1906,6.393
taillard/tai100_10_0,taillard,100,10,123,0.5000,500,5781,5846,5770,0.1906,6.259
taillard/tai100_10_0,taillard,100,10,456,0.0500,500,5786,5846,5770,0.2773,4.339
taillard/tai100_10_0,taillard,100,10,456,0.1000,500,5781,5846,5770,0.1906,5.883
taillard/tai100_10_0,taillard,100,10,456,0.2000,500,5773,5846,5770,0.0520,6.479
taillard/tai100_10_0,taillard,100,10,456,0.3000,500,5781,5846,5770,0.1906,6.077
taillard/tai100_10_0,taillard,100,10,456,0.4000,500,5781,5846,5770,0.1906,6.265
taillard/tai100_10_0,taillard,100,10,456,0.5000,500,5785,5846,5770,0.2600,6.288
taillard/tai20_20_1,taillard,20,20,42,0.0500,500,2114,2150,2100,0.6667,1.976
taillard/tai20_20_1,taillard,20,20,42,0.1000,500,2114,2150,2100,0.6667,1.972
taillard/tai20_20_1,taillard,20,20,42,0.2000,500,2114,2150,2100,0.6667,1.976
taillard/tai20_20_1,taillard,20,20,42,0.3000,500,2122,2150,2100,1.0476,1.613
taillard/tai20_20_1,taillard,20,20,42,0.4000,500,2099,2150,2100,-0.0476,2.059
taillard/tai20_20_1,taillard,20,20,42,0.5000,500,2099,2150,2100,-0.0476,1.939
taillard/tai20_20_1,taillard,20,20,123,0.0500,500,2119,2150,2100,0.9048,1.813
taillard/tai20_20_1,taillard,20,20,123,0.1000,500,2119,2150,2100,0.9048,1.811
taillard/tai20_20_1,taillard,20,20,123,0.2000,500,2119,2150,2100,0.9048,1.815
taillard/tai20_20_1,taillard,20,20,123,0.3000,500,2122,2150,2100,1.0476,1.542
taillard/tai20_20_1,taillard,20,20,123,0.4000,500,2114,2150,2100,0.6667,1.768
taillard/tai20_20_1,taillard,20,20,123,0.5000,500,2112,2150,2100,0.5714,2.059
taillard/tai20_20_1,taillard,20,20,456,0.0500,500,2119,2150,2100,0.9048,1.507
taillard/tai20_20_1,taillard,20,20,456,0.1000,500,2119,2150,2100,0.9048,1.503
taillard/tai20_20_1,taillard,20,20,456,0.2000,500,2119,2150,2100,0.9048,1.510
taillard/tai20_20_1,taillard,20,20,456,0.3000,500,2114,2150,2100,0.6667,1.917
taillard/tai20_20_1,taillard,20,20,456,0.4000,500,2101,2150,2100,0.0476,1.879
taillard/tai20_20_1,taillard,20,20,456,0.5000,500,2101,2150,2100,0.0476,1.935
taillard/tai50_20_1,taillard,50,20,42,0.0500,500,3817,3921,3715,2.7456,3.081
taillard/tai50_20_1,taillard,50,20,42,0.1000,500,3768,3921,3715,1.4266,3.980
taillard/tai50_20_1,taillard,50,20,42,0.2000,500,3757,3921,3715,1.1306,4.535
taillard/tai50_20_1,taillard,50,20,42,0.3000,500,3762,3921,3715,1.2651,5.259
taillard/tai50_20_1,taillard,50,20,42,0.4000,500,3758,3921,3715,1.1575,5.641
taillard/tai50_20_1,taillard,50,20,42,0.5000,500,3747,3921,3715,0.8614,5.576
taillard/tai50_20_1,taillard,50,20,123,0.0500,500,3817,3921,3715,2.7456,3.765
taillard/tai50_20_1,taillard,50,20,123,0.1000,500,3798,3921,3715,2.2342,3.729
taillard/tai50_20_1,taillard,50,20,123,0.2000,500,3764,3921,3715,1.3190,4.591
taillard/tai50_20_1,taillard,50,20,123,0.3000,500,3748,3921,3715,0.8883,5.060
taillard/tai50_20_1,taillard,50,20,123,0.4000,500,3744,3921,3715,0.7806,4.949
taillard/tai50_20_1,taillard,50,20,123,0.5000,500,3756,3921,3715,1.1036,5.404
taillard/tai50_20_1,taillard,50,20,456,0.0500,500,3776,3921,3715,1.6420,5.522
taillard/tai50_20_1,taillard,50,20,456,0.1000,500,3757,3921,3715,1.1306,5.944
taillard/tai50_20_1,taillard,50,20,456,0.2000,500,3739,3921,3715,0.6460,4.837
taillard/tai50_20_1,taillard,50,20,456,0.3000,500,3758,3921,3715,1.1575,4.902
taillard/tai50_20_1,taillard,50,20,456,0.4000,500,3749,3921,3715,0.9152,5.513
taillard/tai50_20_1,taillard,50,20,456,0.5000,500,3736,3921,3715,0.5653,5.274
taillard/tai100_10_1,taillard,100,10,42,0.0500,500,5352,5453,5349,0.0561,5.972
taillard/tai100_10_1,taillard,100,10,42,0.1000,500,5362,5453,5349,0.2430,6.889
taillard/tai100_10_1,taillard,100,10,42,0.2000,500,5362,5453,5349,0.2430,6.691
taillard/tai100_10_1,taillard,100,10,42,0.3000,500,5362,5453,5349,0.2430,6.481
taillard/tai100_10_1,taillard,100,10,42,0.4000,500,5362,5453,5349,0.2430,6.543
taillard/tai100_10_1,taillard,100,10,42,0.5000,500,5377,5453,5349,0.5235,6.450
taillard/tai100_10_1,taillard,100,10,123,0.0500,500,5362,5453,5349,0.2430,5.978
taillard/tai100_10_1,taillard,100,10,123,0.1000,500,5362,5453,5349,0.2430,6.378
taillard/tai100_10_1,taillard,100,10,123,0.2000,500,5362,5453,5349,0.2430,6.787
taillard/tai100_10_1,taillard,100,10,123,0.3000,500,5391,5453,5349,0.7852,6.444
taillard/tai100_10_1,taillard,100,10,123,0.4000,500,5349,5453,5349,0.0000,6.767
taillard/tai100_10_1,taillard,100,10,123,0.5000,500,5362,5453,5349,0.2430,6.474
taillard/tai100_10_1,taillard,100,10,456,0.0500,500,5362,5453,5349,0.2430,6.031
taillard/tai100_10_1,taillard,100,10,456,0.1000,500,5362,5453,5349,0.2430,6.646
taillard/tai100_10_1,taillard,100,10,456,0.2000,500,5362,5453,5349,0.2430,6.464
taillard/tai100_10_1,taillard,100,10,456,0.3000,500,5362,5453,5349,0.2430,6.677
taillard/tai100_10_1,taillard,100,10,456,0.4000,500,5362,5453,5349,0.2430,6.743
taillard/tai100_10_1,taillard,100,10,456,0.5000,500,5362,5453,5349,0.2430,6.733
taillard/tai100_20_0,taillard,100,20,42,0.0500,500,6322,6541,6286,0.5727,10.115
taillard/tai100_20_0,taillard,100,20,42,0.1000,500,6323,6541,6286,0.5886,12.729
taillard/tai100_20_0,taillard,100,20,42,0.2000,500,6346,6541,6286,0.9545,12.638
taillard/tai100_20_0,taillard,100,20,42,0.3000,500,6315,6541,6286,0.4613,13.054
taillard/tai100_20_0,taillard,100,20,42,0.4000,500,6325,6541,6286,0.6204,13.206
taillard/tai100_20_0,taillard,100,20,42,0.5000,500,6324,6541,6286,0.6045,13.543
taillard/tai100_20_0,taillard,100,20,123,0.0500,500,6322,6541,6286,0.5727,11.398
taillard/tai100_20_0,taillard,100,20,123,0.1000,500,6318,6541,6286,0.5091,11.098
taillard/tai100_20_0,taillard,100,20,123,0.2000,500,6297,6541,6286,0.1750,12.483
taillard/tai100_20_0,taillard,100,20,123,0.3000,500,6282,6541,6286,-0.0636,12.957
taillard/tai100_20_0,taillard,100,20,123,0.4000,500,6320,6541,6286,0.5409,13.095
taillard/tai100_20_0,taillard,100,20,123,0.5000,500,6311,6541,6286,0.3977,13.735
taillard/tai100_20_0,taillard,100,20,456,0.0500,500,6334,6541,6286,0.7636,8.558
taillard/tai100_20_0,taillard,100,20,456,0.1000,500,6315,6541,6286,0.4613,12.251
taillard/tai100_20_0,taillard,100,20,456,0.2000,500,6307,6541,6286,0.3341,13.429
taillard/tai100_20_0,taillard,100,20,456,0.3000,500,6317,6541,6286,0.4932,13.784
taillard/tai100_20_0,taillard,100,20,456,0.4000,500,6324,6541,6286,0.6045,12.774
taillard/tai100_20_0,taillard,100,20,456,0.5000,500,6315,6541,6286,0.4613,13.488
vrf/VFR20_5_1_Gap,vrf,20,5,42,0.0500,500,1195,1215,1192,0.2517,0.712
vrf/VFR20_5_1_Gap,vrf,20,5,42,0.1000,500,1195,1215,1192,0.2517,0.712
vrf/VFR20_5_1_Gap,vrf,20,5,42,0.2000,500,1195,1215,1192,0.2517,0.713
vrf/VFR20_5_1_Gap,vrf,20,5,42,0.3000,500,1193,1215,1192,0.0839,0.702
vrf/VFR20_5_1_Gap,vrf,20,5,42,0.4000,500,1195,1215,1192,0.2517,0.704
vrf/VFR20_5_1_Gap,vrf,20,5,42,0.5000,500,1195,1215,1192,0.2517,0.691
vrf/VFR20_5_1_Gap,vrf,20,5,123,0.0500,500,1196,1215,1192,0.3356,0.709
vrf/VFR20_5_1_Gap,vrf,20,5,123,0.1000,500,1196,1215,1192,0.3356,0.708
vrf/VFR20_5_1_Gap,vrf,20,5,123,0.2000,500,1196,1215,1192,0.3356,0.709
vrf/VFR20_5_1_Gap,vrf,20,5,123,0.3000,500,1195,1215,1192,0.2517,0.692
vrf/VFR20_5_1_Gap,vrf,20,5,123,0.4000,500,1195,1215,1192,0.2517,0.742
vrf/VFR20_5_1_Gap,vrf,20,5,123,0.5000,500,1195,1215,1192,0.2517,0.695
vrf/VFR20_5_1_Gap,vrf,20,5,456,0.0500,500,1196,1215,1192,0.3356,0.726
vrf/VFR20_5_1_Gap,vrf,20,5,456,0.1000,500,1196,1215,1192,0.3356,0.726
vrf/VFR20_5_1_Gap,vrf,20,5,456,0.2000,500,1196,1215,1192,0.3356,0.726
vrf/VFR20_5_1_Gap,vrf,20,5,456,0.3000,500,1195,1215,1192,0.2517,0.726
vrf/VFR20_5_1_Gap,vrf,20,5,456,0.4000,500,1195,1215,1192,0.2517,0.718
vrf/VFR20_5_1_Gap,vrf,20,5,456,0.5000,500,1196,1215,1192,0.3356,0.683
vrf/VFR20_10_1_Gap,vrf,20,10,42,0.0500,500,1549,1665,1532,1.1097,0.894
vrf/VFR20_10_1_Gap,vrf,20,10,42,0.1000,500,1549,1665,1532,1.1097,0.894
vrf/VFR20_10_1_Gap,vrf,20,10,42,0.2000,500,1549,1665,1532,1.1097,0.893
vrf/VFR20_10_1_Gap,vrf,20,10,42,0.3000,500,1534,1665,1532,0.1305,1.128
vrf/VFR20_10_1_Gap,vrf,20,10,42,0.4000,500,1545,1665,1532,0.8486,1.038
vrf/VFR20_10_1_Gap,vrf,20,10,42,0.5000,500,1540,1665,1532,0.5222,1.143
vrf/VFR20_10_1_Gap,vrf,20,10,123,0.0500,500,1555,1665,1532,1.5013,0.722
vrf/VFR20_10_1_Gap,vrf,20,10,123,0.1000,500,1555,1665,1532,1.5013,0.722
vrf/VFR20_10_1_Gap,vrf,20,10,123,0.2000,500,1555,1665,1532,1.5013,0.723
vrf/VFR20_10_1_Gap,vrf,20,10,123,0.3000,500,1534,1665,1532,0.1305,1.161
vrf/VFR20_10_1_Gap,vrf,20,10,123,0.4000,500,1537,1665,1532,0.3264,1.242
vrf/VFR20_10_1_Gap,vrf,20,10,123,0.5000,500,1536,1665,1532,0.2611,1.145
vrf/VFR20_10_1_Gap,vrf,20,10,456,0.0500,500,1536,1665,1532,0.2611,1.036
vrf/VFR20_10_1_Gap,vrf,20,10,456,0.1000,500,1536,1665,1532,0.2611,1.035
vrf/VFR20_10_1_Gap,vrf,20,10,456,0.2000,500,1536,1665,1532,0.2611,1.035
vrf/VFR20_10_1_Gap,vrf,20,10,456,0.3000,500,1540,1665,1532,0.5222,1.088
vrf/VFR20_10_1_Gap,vrf,20,10,456,0.4000,500,1535,1665,1532,0.1958,1.159
vrf/VFR20_10_1_Gap,vrf,20,10,456,0.5000,500,1548,1665,1532,1.0444,1.117
vrf/VFR20_15_1_Gap,vrf,20,15,42,0.0500,500,1955,2014,1936,0.9814,1.355
vrf/VFR20_15_1_Gap,vrf,20,15,42,0.1000,500,1955,2014,1936,0.9814,1.356
vrf/VFR20_15_1_Gap,vrf,20,15,42,0.2000,500,1955,2014,1936,0.9814,1.356
vrf/VFR20_15_1_Gap,vrf,20,15,42,0.3000,500,1944,2014,1936,0.4132,1.800
vrf/VFR20_15_1_Gap,vrf,20,15,42,0.4000,500,1936,2014,1936,0.0000,1.739
vrf/VFR20_15_1_Gap,vrf,20,15,42,0.5000,500,1936,2014,1936,0.0000,1.678
vrf/VFR20_15_1_Gap,vrf,20,15,123,0.0500,500,1952,2014,1936,0.8264,1.197
vrf/VFR20_15_1_Gap,vrf,20,15,123,0.1000,500,1952,2014,1936,0.8264,1.198
vrf/VFR20_15_1_Gap,vrf,20,15,123,0.2000,500,1952,2014,1936,0.8264,1.197
vrf/VFR20_15_1_Gap,vrf,20,15,123,0.3000,500,1939,2014,1936,0.1550,1.593
vrf/VFR20_15_1_Gap,vrf,20,15,123,0.4000,500,1939,2014,1936,0.1550,1.632
vrf/VFR20_15_1_Gap,vrf,20,15,123,0.5000,500,1941,2014,1936,0.2583,1.672
vrf/VFR20_15_1_Gap,vrf,20,15,456,0.0500,500,1963,2014,1936,1.3946,1.444
vrf/VFR20_15_1_Gap,vrf,20,15,456,0.1000,500,1963,2014,1936,1.3946,1.448
vrf/VFR20_15_1_Gap,vrf,20,15,456,0.2000,500,1963,2014,1936,1.3946,1.451
vrf/VFR20_15_1_Gap,vrf,20,15,456,0.3000,500,1943,2014,1936,0.3616,1.654
vrf/VFR20_15_1_Gap,vrf,20,15,456,0.4000,500,1943,2014,1936,0.3616,1.712
vrf/VFR20_15_1_Gap,vrf,20,15,456,0.5000,500,1936,2014,1936,0.0000,1.784
vrf/VFR40_5_1_Gap,vrf,40,5,42,0.0500,500,2396,2396,2396,0.0000,0.735
vrf/VFR40_5_1_Gap,vrf,40,5,42,0.1000,500,2396,2396,2396,0.0000,0.738
vrf/VFR40_5_1_Gap,vrf,40,5,42,0.2000,500,2396,2396,2396,0.0000,0.809
vrf/VFR40_5_1_Gap,vrf,40,5,42,0.3000,500,2396,2396,2396,0.0000,0.836
vrf/VFR40_5_1_Gap,vrf,40,5,42,0.4000,500,2396,2396,2396,0.0000,0.857
vrf/VFR40_5_1_Gap,vrf,40,5,42,0.5000,500,2396,2396,2396,0.0000,0.856
vrf/VFR40_5_1_Gap,vrf,40,5,123,0.0500,500,2396,2396,2396,0.0000,0.722
vrf/VFR40_5_1_Gap,vrf,40,5,123,0.1000,500,2396,2396,2396,0.0000,0.724
vrf/VFR40_5_1_Gap,vrf,40,5,123,0.2000,500,2396,2396,2396,0.0000,0.838
vrf/VFR40_5_1_Gap,vrf,40,5,123,0.3000,500,2396,2396,2396,0.0000,0.823
vrf/VFR40_5_1_Gap,vrf,40,5,123,0.4000,500,2396,2396,2396,0.0000,0.854
vrf/VFR40_5_1_Gap,vrf,40,5,123,0.5000,500,2396,2396,2396,0.0000,0.873
vrf/VFR40_5_1_Gap,vrf,40,5,456,0.0500,500,2396,2396,2396,0.0000,0.728
vrf/VFR40_5_1_Gap,vrf,40,5,456,0.1000,500,2396,2396,2396,0.0000,0.728
vrf/VFR40_5_1_Gap,vrf,40,5,456,0.2000,500,2396,2396,2396,0.0000,0.819
vrf/VFR40_5_1_Gap,vrf,40,5,456,0.3000,500,2396,2396,2396,0.0000,0.853
vrf/VFR40_5_1_Gap,vrf,40,5,456,0.4000,500,2396,2396,2396,0.0000,0.877
vrf/VFR40_5_1_Gap,vrf,40,5,456,0.5000,500,2396,2396,2396,0.0000,0.864
vrf/VFR40_10_1_Gap,vrf,40,10,42,0.0500,500,2546,2614,2480,2.6613,1.293
vrf/VFR40_10_1_Gap,vrf,40,10,42,0.1000,500,2546,2614,2480,2.6613,1.296
vrf/VFR40_10_1_Gap,vrf,40,10,42,0.2000,500,2497,2614,2480,0.6855,1.853
vrf/VFR40_10_1_Gap,vrf,40,10,42,0.3000,500,2513,2614,2480,1.3306,2.076
vrf/VFR40_10_1_Gap,vrf,40,10,42,0.4000,500,2495,2614,2480,0.6048,2.240
vrf/VFR40_10_1_Gap,vrf,40,10,42,0.5000,500,2502,2614,2480,0.8871,2.228
vrf/VFR40_10_1_Gap,vrf,40,10,123,0.0500,500,2532,2614,2480,2.0968,1.289
vrf/VFR40_10_1_Gap,vrf,40,10,123,0.1000,500,2532,2614,2480,2.0968,1.295
vrf/VFR40_10_1_Gap,vrf,40,10,123,0.2000,500,2513,2614,2480,1.3306,1.980
vrf/VFR40_10_1_Gap,vrf,40,10,123,0.3000,500,2505,2614,2480,1.0081,2.355
vrf/VFR40_10_1_Gap,vrf,40,10,123,0.4000,500,2501,2614,2480,0.8468,2.266
vrf/VFR40_10_1_Gap,vrf,40,10,123,0.5000,500,2511,2614,2480,1.2500,2.267
vrf/VFR40_10_1_Gap,vrf,40,10,456,0.0500,500,2561,2614,2480,3.2661,1.272
vrf/VFR40_10_1_Gap,vrf,40,10,456,0.1000,500,2561,2614,2480,3.2661,1.276
vrf/VFR40_10_1_Gap,vrf,40,10,456,0.2000,500,2507,2614,2480,1.0887,1.967
vrf/VFR40_10_1_Gap,vrf,40,10,456,0.3000,500,2502,2614,2480,0.8871,2.275
vrf/VFR40_10_1_Gap,vrf,40,10,456,0.4000,500,2510,2614,2480,1.2097,2.254
vrf/VFR40_10_1_Gap,vrf,40,10,456,0.5000,500,2513,2614,2480,1.3306,2.270
vrf/VFR60_5_1_Gap,vrf,60,5,42,0.0500,500,3350,3350,3350,0.0000,1.533
vrf/VFR60_5_1_Gap,vrf,60,5,42,0.1000,500,3350,3350,3350,0.0000,1.475
vrf/VFR60_5_1_Gap,vrf,60,5,42,0.2000,500,3350,3350,3350,0.0000,1.553
vrf/VFR60_5_1_Gap,vrf,60,5,42,0.3000,500,3350,3350,3350,0.0000,1.510
vrf/VFR60_5_1_Gap,vrf,60,5,42,0.4000,500,3350,3350,3350,0.0000,1.500
vrf/VFR60_5_1_Gap,vrf,60,5,42,0.5000,500,3350,3350,3350,0.0000,1.487
vrf/VFR60_5_1_Gap,vrf,60,5,123,0.0500,500,3350,3350,3350,0.0000,1.085
vrf/VFR60_5_1_Gap,vrf,60,5,123,0.1000,500,3350,3350,3350,0.0000,1.418
vrf/VFR60_5_1_Gap,vrf,60,5,123,0.2000,500,3350,3350,3350,0.0000,1.512
vrf/VFR60_5_1_Gap,vrf,60,5,123,0.3000,500,3350,3350,3350,0.0000,1.513
vrf/VFR60_5_1_Gap,vrf,60,5,123,0.4000,500,3350,3350,3350,0.0000,1.566
vrf/VFR60_5_1_Gap,vrf,60,5,123,0.5000,500,3350,3350,3350,0.0000,1.520
vrf/VFR60_5_1_Gap,vrf,60,5,456,0.0500,500,3350,3350,3350,0.0000,1.071
vrf/VFR60_5_1_Gap,vrf,60,5,456,0.1000,500,3350,3350,3350,0.0000,1.478
vrf/VFR60_5_1_Gap,vrf,60,5,456,0.2000,500,3350,3350,3350,0.0000,1.551
vrf/VFR60_5_1_Gap,vrf,60,5,456,0.3000,500,3350,3350,3350,0.0000,1.552
vrf/VFR60_5_1_Gap,vrf,60,5,456,0.4000,500,3350,3350,3350,0.0000,1.500
vrf/VFR60_5_1_Gap,vrf,60,5,456,0.5000,500,3350,3350,3350,0.0000,1.484
vrf/VFR60_10_1_Gap,vrf,60,10,42,0.0500,500,3479,3605,3435,1.2809,1.976
vrf/VFR60_10_1_Gap,vrf,60,10,42,0.1000,500,3468,3605,3435,0.9607,2.914
vrf/VFR60_10_1_Gap,vrf,60,10,42,0.2000,500,3454,3605,3435,0.5531,3.483
vrf/VFR60_10_1_Gap,vrf,60,10,42,0.3000,500,3447,3605,3435,0.3493,3.789
vrf/VFR60_10_1_Gap,vrf,60,10,42,0.4000,500,3447,3605,3435,0.3493,3.854
vrf/VFR60_10_1_Gap,vrf,60,10,42,0.5000,500,3454,3605,3435,0.5531,3.945
vrf/VFR60_10_1_Gap,vrf,60,10,123,0.0500,500,3489,3605,3435,1.5721,2.431
vrf/VFR60_10_1_Gap,vrf,60,10,123,0.1000,500,3447,3605,3435,0.3493,3.594
vrf/VFR60_10_1_Gap,vrf,60,10,123,0.2000,500,3456,3605,3435,0.6114,3.598
vrf/VFR60_10_1_Gap,vrf,60,10,123,0.3000,500,3447,3605,3435,0.3493,3.791
vrf/VFR60_10_1_Gap,vrf,60,10,123,0.4000,500,3447,3605,3435,0.3493,3.791
vrf/VFR60_10_1_Gap,vrf,60,10,123,0.5000,500,3454,3605,3435,0.5531,3.874
vrf/VFR60_10_1_Gap,vrf,60,10,456,0.0500,500,3462,3605,3435,0.7860,3.312
vrf/VFR60_10_1_Gap,vrf,60,10,456,0.1000,500,3447,3605,3435,0.3493,3.524
vrf/VFR60_10_1_Gap,vrf,60,10,456,0.2000,500,3447,3605,3435,0.3493,3.747
vrf/VFR60_10_1_Gap,vrf,60,10,456,0.3000,500,3457,3605,3435,0.6405,3.714
vrf/VFR60_10_1_Gap,vrf,60,10,456,0.4000,500,3457,3605,3435,0.6405,3.894
vrf/VFR60_10_1_Gap,vrf,60,10,456,0.5000,500,3447,3605,3435,0.3493,3.855
vrf/VFR20_15_2_Gap,vrf,20,15,42,0.0500,500,1915,1985,1905,0.5249,1.355
vrf/VFR20_15_2_Gap,vrf,20,15,42,0.1000,500,1915,1985,1905,0.5249,1.358
vrf/VFR20_15_2_Gap,vrf,20,15,42,0.2000,500,1915,1985,1905,0.5249,1.358
vrf/VFR20_15_2_Gap,vrf,20,15,42,0.3000,500,1915,1985,1905,0.5249,1.606
vrf/VFR20_15_2_Gap,vrf,20,15,42,0.4000,500,1922,1985,1905,0.8924,1.240
vrf/VFR20_15_2_Gap,vrf,20,15,42,0.5000,500,1905,1985,1905,0.0000,1.659
vrf/VFR20_15_2_Gap,vrf,20,15,123,0.0500,500,1909,1985,1905,0.2100,1.797
vrf/VFR20_15_2_Gap,vrf,20,15,123,0.1000,500,1909,1985,1905,0.2100,1.801
vrf/VFR20_15_2_Gap,vrf,20,15,123,0.2000,500,1909,1985,1905,0.2100,1.800
vrf/VFR20_15_2_Gap,vrf,20,15,123,0.3000,500,1905,1985,1905,0.0000,1.843
vrf/VFR20_15_2_Gap,vrf,20,15,123,0.4000,500,1905,1985,1905,0.0000,1.595
vrf/VFR20_15_2_Gap,vrf,20,15,123,0.5000,500,1905,1985,1905,0.0000,1.623
vrf/VFR20_15_2_Gap,vrf,20,15,456,0.0500,500,1912,1985,1905,0.3675,1.428
vrf/VFR20_15_2_Gap,vrf,20,15,456,0.1000,500,1912,1985,1905,0.3675,1.432
vrf/VFR20_15_2_Gap,vrf,20,15,456,0.2000,500,1912,1985,1905,0.3675,1.432
vrf/VFR20_15_2_Gap,vrf,20,15,456,0.3000,500,1908,1985,1905,0.1575,1.470
vrf/VFR20_15_2_Gap,vrf,20,15,456,0.4000,500,1918,1985,1905,0.6824,1.475
vrf/VFR20_15_2_Gap,vrf,20,15,456,0.5000,500,1913,1985,1905,0.4199,1.625
vrf/VFR40_10_2_Gap,vrf,40,10,42,0.0500,500,2477,2557,2444,1.3502,1.377
vrf/VFR40_10_2_Gap,vrf,40,10,42,0.1000,500,2477,2557,2444,1.3502,1.378
vrf/VFR40_10_2_Gap,vrf,40,10,42,0.2000,500,2451,2557,2444,0.2864,2.180
vrf/VFR40_10_2_Gap,vrf,40,10,42,0.3000,500,2444,2557,2444,0.0000,2.202
vrf/VFR40_10_2_Gap,vrf,40,10,42,0.4000,500,2446,2557,2444,0.0818,2.325
vrf/VFR40_10_2_Gap,vrf,40,10,42,0.5000,500,2446,2557,2444,0.0818,2.386
vrf/VFR40_10_2_Gap,vrf,40,10,123,0.0500,500,2502,2557,2444,2.3732,1.829
vrf/VFR40_10_2_Gap,vrf,40,10,123,0.1000,500,2502,2557,2444,2.3732,1.834
vrf/VFR40_10_2_Gap,vrf,40,10,123,0.2000,500,2446,2557,2444,0.0818,2.074
vrf/VFR40_10_2_Gap,vrf,40,10,123,0.3000,500,2446,2557,2444,0.0818,2.351
vrf/VFR40_10_2_Gap,vrf,40,10,123,0.4000,500,2446,2557,2444,0.0818,2.315
vrf/VFR40_10_2_Gap,vrf,40,10,123,0.5000,500,2445,2557,2444,0.0409,2.408
vrf/VFR40_10_2_Gap,vrf,40,10,456,0.0500,500,2473,2557,2444,1.1866,1.302
vrf/VFR40_10_2_Gap,vrf,40,10,456,0.1000,500,2473,2557,2444,1.1866,1.304
vrf/VFR40_10_2_Gap,vrf,40,10,456,0.2000,500,2446,2557,2444,0.0818,2.057
vrf/VFR40_10_2_Gap,vrf,40,10,456,0.3000,500,2446,2557,2444,0.0818,2.302
vrf/VFR40_10_2_Gap,vrf,40,10,456,0.4000,500,2468,2557,2444,0.9820,2.404
vrf/VFR40_10_2_Gap,vrf,40,10,456,0.5000,500,2444,2557,2444,0.0000,2.356
vrf/VFR60_10_2_Gap,vrf,60,10,42,0.0500,500,3731,3781,3655,2.0793,1.890
vrf/VFR60_10_2_Gap,vrf,60,10,42,0.1000,500,3673,3781,3655,0.4925,3.196
vrf/VFR60_10_2_Gap,vrf,60,10,42,0.2000,500,3669,3781,3655,0.3830,3.574
vrf/VFR60_10_2_Gap,vrf,60,10,42,0.3000,500,3672,3781,3655,0.4651,3.609
vrf/VFR60_10_2_Gap,vrf,60,10,42,0.4000,500,3682,3781,3655,0.7387,3.472
vrf/VFR60_10_2_Gap,vrf,60,10,42,0.5000,500,3682,3781,3655,0.7387,3.461
vrf/VFR60_10_2_Gap,vrf,60,10,123,0.0500,500,3707,3781,3655,1.4227,2.302
vrf/VFR60_10_2_Gap,vrf,60,10,123,0.1000,500,3682,3781,3655,0.7387,2.871
vrf/VFR60_10_2_Gap,vrf,60,10,123,0.2000,500,3672,3781,3655,0.4651,3.595
vrf/VFR60_10_2_Gap,vrf,60,10,123,0.3000,500,3682,3781,3655,0.7387,3.408
vrf/VFR60_10_2_Gap,vrf,60,10,123,0.4000,500,3668,3781,3655,0.3557,3.706
vrf/VFR60_10_2_Gap,vrf,60,10,123,0.5000,500,3672,3781,3655,0.4651,3.639
vrf/VFR60_10_2_Gap,vrf,60,10,456,0.0500,500,3693,3781,3655,1.0397,1.924
vrf/VFR60_10_2_Gap,vrf,60,10,456,0.1000,500,3682,3781,3655,0.7387,2.910
vrf/VFR60_10_2_Gap,vrf,60,10,456,0.2000,500,3672,3781,3655,0.4651,3.312
vrf/VFR60_10_2_Gap,vrf,60,10,456,0.3000,500,3682,3781,3655,0.7387,3.522
vrf/VFR60_10_2_Gap,vrf,60,10,456,0.4000,500,3679,3781,3655,0.6566,3.551
vrf/VFR60_10_2_Gap,vrf,60,10,456,0.5000,500,3682,3781,3655,0.7387,3.536
vrf/VFR60_15_1_Gap,vrf,60,15,42,0.0500,500,4018,4128,3940,1.9797,4.254
vrf/VFR60_15_1_Gap,vrf,60,15,42,0.1000,500,4054,4128,3940,2.8934,2.958
vrf/VFR60_15_1_Gap,vrf,60,15,42,0.2000,500,3983,4128,3940,1.0914,4.992
vrf/VFR60_15_1_Gap,vrf,60,15,42,0.3000,500,3980,4128,3940,1.0152,5.195
vrf/VFR60_15_1_Gap,vrf,60,15,42,0.4000,500,4003,4128,3940,1.5990,5.426
vrf/VFR60_15_1_Gap,vrf,60,15,42,0.5000,500,4003,4128,3940,1.5990,5.671
vrf/VFR60_15_1_Gap,vrf,60,15,123,0.0500,500,4049,4128,3940,2.7665,3.175
vrf/VFR60_15_1_Gap,vrf,60,15,123,0.1000,500,3996,4128,3940,1.4213,4.463
vrf/VFR60_15_1_Gap,vrf,60,15,123,0.2000,500,4003,4128,3940,1.5990,5.307
vrf/VFR60_15_1_Gap,vrf,60,15,123,0.3000,500,3997,4128,3940,1.4467,5.319
vrf/VFR60_15_1_Gap,vrf,60,15,123,0.4000,500,3977,4128,3940,0.9391,5.331
vrf/VFR60_15_1_Gap,vrf,60,15,123,0.5000,500,4003,4128,3940,1.5990,5.559
vrf/VFR60_15_1_Gap,vrf,60,15,456,0.0500,500,4057,4128,3940,2.9695,2.742
vrf/VFR60_15_1_Gap,vrf,60,15,456,0.1000,500,3994,4128,3940,1.3706,5.310
vrf/VFR60_15_1_Gap,vrf,60,15,456,0.2000,500,3981,4128,3940,1.0406,4.708
vrf/VFR60_15_1_Gap,vrf,60,15,456,0.3000,500,3987,4128,3940,1.1929,5.384
vrf/VFR60_15_1_Gap,vrf,60,15,456,0.4000,500,4003,4128,3940,1.5990,5.598
vrf/VFR60_15_1_Gap,vrf,60,15,456,0.5000,500,3997,4128,3940,1.4467,5.630
